<?xml version="1.1" encoding="UTF-8"?>

<project i18n.job.generated.documetation="Generated documentation" i18n.job.project.name="Projektname" i18n.job.generated.date="GENERATION DATE" i18n.job.author="AUTHOR" i18n.job.summary="Summary" i18n.job.project.description="Projektbeschreibung" i18n.job.job.description="Beschreibung" i18n.job.job.preview.picture="Preview Picture" i18n.job.job.setting="Einstellungen" i18n.job.context.list="Context List" i18n.job.component.list="Komponenten Liste" i18n.job.components.description="Components Description" i18n.job.source.code="Source Code" i18n.job.properties="Eigenschaften" i18n.job.values="Values" i18n.job.name="Name" i18n.job.language="Sprache" i18n.job.description="Beschreibung" i18n.job.author.min="Autor" i18n.job.version="Version" i18n.job.purpose="Verwendungszweck" i18n.job.status="Status" i18n.job.creation="Anlegen" i18n.job.modification="&#196;nderung" i18n.job.extract.settings="Extra settings" i18n.job.value="Wert" i18n.job.stats.logs="Status &amp; Logs" i18n.job.context="Context" i18n.job.promt="Aufforderung" i18n.job.need.promt="Need Prompt?" i18n.job.type="Typ" i18n.job.source="Quelle" i18n.job.component.name="Komponentenname" i18n.job.component.type="Component Type" i18n.job.component="Komponente" i18n.job.unique.name="Eindeutiger Name" i18n.job.input="INPUT(S)" i18n.job.label="Beschriftung" i18n.job.output="OUTPUT(S)" i18n.job.component.parameters="Component Parameters:" i18n.job.schema.for="Schema for " i18n.job.column="Spalte" i18n.job.key="Schl&#252;sselwert" i18n.job.length="L&#228;nge" i18n.job.precision="Genauigkeit" i18n.job.nullable="Null zul&#228;ssig" i18n.job.comment="Kommentar" i18n.job.original.function.parameters="Original Function Parameters:" i18n.job.ended="ended" i18n.job.content="Inhalt" i18n.route.manifest.type="Type" i18n.route.manifest.value="Value" i18n.route.resource.name="Name" i18n.route.resource.version="Version" i18n.route.resource.path="Path" name="Local_Project" logo="pictures/logo.jpg" title="Generated by Talend Open Studio for Data Integration" link="http://www.talend.com" language="java" generatedDate="14.03.2021, 09:26:47" versionName="Talend Open Studio VERSION " version="7.4.1.20201208_1239-M5" docType="Jobs" company="">
  <pro-description><![CDATA[]]></pro-description>
  <job name="EchoMail_Java" author="user@talend.com" i18n.job.extract.settings.type="i18n.job.extract.settings" i18n.job.stats.logs.type="i18n.job.stats.logs" version="0.2" purpose="EchoMail D&#228;mon" status="PROD" creation="08.01.2021, 15:57:18" modification="14.03.2021, 09:26:14">
    <description><![CDATA[Dämon, der permanent mit der IMAP-Box verbunden bleibt.<br/>]]></description>
    <preview picture="pictures/EchoMail_Java_0.2.png"/>
    <contextList>
      <context name="Default">
        <contextParameter name="ImapUser" prompt="ImapUser?" promptNeeded="false" type="id_String" value="echo@slainte.at" source="EchoMail"/>
        <contextParameter name="ImapPassword" prompt="ImapPassword?" promptNeeded="false" type="id_Password" value="********************" source="EchoMail"/>
        <contextParameter name="ImapHost" prompt="ImapHost?" promptNeeded="false" type="id_String" value="mail.slainte.at" source="EchoMail"/>
        <contextParameter name="ImapPort" prompt="ImapPort?" promptNeeded="false" type="id_Integer" value="993" source="EchoMail"/>
        <contextParameter name="SmtpUser" prompt="SmtpUser?" promptNeeded="false" type="id_String" value="echo@slainte.at" source="EchoMail"/>
        <contextParameter name="SmtpPassword" prompt="SmtpPassword?" promptNeeded="false" type="id_Password" value="********************" source="EchoMail"/>
        <contextParameter name="SMTPHost" prompt="SMTPHost?" promptNeeded="false" type="id_String" value="mail.slainte.at" source="EchoMail"/>
        <contextParameter name="SMTPPort" prompt="SMTPPort?" promptNeeded="false" type="id_Integer" value="465" source="EchoMail"/>
        <contextParameter name="Purge_time_Minutes" prompt="Purge_time_Minutes?" promptNeeded="false" type="id_Integer" value="1" source="EchoMail"/>
        <contextParameter name="SQLLite" prompt="SQLLite?" promptNeeded="false" type="id_String" value="EchoMail.sqlite" source="EchoMail"/>
        <contextParameter name="SQLLite_Table" prompt="SQLLite_Table?" promptNeeded="false" type="id_String" value="EchoMail" source="EchoMail"/>
        <contextParameter name="TempDir" prompt="TempDir?" promptNeeded="false" type="id_String" value="/tmp" source="EchoMail"/>
        <contextParameter name="DoDebug" prompt="DoDebug?" promptNeeded="false" type="id_Boolean" value="true" source="EchoMail"/>
        <contextParameter name="pid" prompt="pid?" promptNeeded="false" type="id_String" value="" source="EchoMail"/>
      </context>
    </contextList>
    <jobSetting>
      <extra>
        <jobParameter name="COMP_DEFAULT_FILE_DIR" value=""/>
        <jobParameter name="Multi-Thread Ausf&#252;hrung" value="false"/>
        <jobParameter name="Implizites tContextLoad" value="false"/>
      </extra>
      <Statslogs>
        <jobParameter name="Verwende Statistiken (tStatCatcher)" value="false"/>
        <jobParameter name="Verwende Logs (tLogCatcher)" value="false"/>
        <jobParameter name="Use volumetrics (tFlowMeterCatcher)" value="false"/>
        <jobParameter name="Auf Konsole" value="false"/>
        <jobParameter name="In Datei" value="false"/>
        <jobParameter name="In Datenbank" value="false"/>
        <jobParameter name="Komponenten-Statistik erfassen" value="false"/>
        <jobParameter name="Runtime Fehler abfangen" value="true"/>
        <jobParameter name="Benutzer Fehler abfangen" value="true"/>
        <jobParameter name="Benutzerwarnungen abfangen" value="true"/>
      </Statslogs>
    </jobSetting>
    <componentList>
      <componentItem name="tCreateTable_1" link="tCreateTable_1" type="tCreateTable" leftTopX="960" leftTopY="96" rightBottomX="992" rightBottomY="128"/>
      <componentItem name="tCreateTemporaryFile_1" link="tCreateTemporaryFile_1" type="tCreateTemporaryFile" leftTopX="544" leftTopY="96" rightBottomX="576" rightBottomY="128"/>
      <componentItem name="tDBCommit_2" link="tDBCommit_2" type="tSQLiteCommit" leftTopX="864" leftTopY="320" rightBottomX="896" rightBottomY="352"/>
      <componentItem name="tDBConnection_1" link="tDBConnection_1" type="tSQLiteConnection" leftTopX="800" leftTopY="96" rightBottomX="832" rightBottomY="128"/>
      <componentItem name="tDBInput_1" link="tDBInput_1" type="tSQLiteInput" leftTopX="416" leftTopY="448" rightBottomX="448" rightBottomY="480"/>
      <componentItem name="tDBOutput_1" link="tDBOutput_1" type="tSQLiteOutput" leftTopX="768" leftTopY="320" rightBottomX="800" rightBottomY="352"/>
      <componentItem name="tDie_1" link="tDie_1" type="tDie" leftTopX="544" leftTopY="192" rightBottomX="576" rightBottomY="224"/>
      <componentItem name="tDie_2" link="tDie_2" type="tDie" leftTopX="800" leftTopY="192" rightBottomX="832" rightBottomY="224"/>
      <componentItem name="tDie_3" link="tDie_3" type="tDie" leftTopX="960" leftTopY="192" rightBottomX="992" rightBottomY="224"/>
      <componentItem name="tDie_4" link="tDie_4" type="tDie" leftTopX="224" leftTopY="544" rightBottomX="256" rightBottomY="576"/>
      <componentItem name="tDie_5" link="tDie_5" type="tDie" leftTopX="768" leftTopY="416" rightBottomX="800" rightBottomY="448"/>
      <componentItem name="tDie_6" link="tDie_6" type="tDie" leftTopX="1056" leftTopY="448" rightBottomX="1088" rightBottomY="480"/>
      <componentItem name="tDie_7" link="tDie_7" type="tDie" leftTopX="352" leftTopY="192" rightBottomX="384" rightBottomY="224"/>
      <componentItem name="tFileDelete_1" link="tFileDelete_1" type="tFileDelete" leftTopX="1280" leftTopY="320" rightBottomX="1312" rightBottomY="352"/>
      <componentItem name="tFileExist_1" link="tFileExist_1" type="tFileExist" leftTopX="352" leftTopY="96" rightBottomX="384" rightBottomY="128"/>
      <componentItem name="tJavaFlex_1" link="tJavaFlex_1" type="tJavaFlex" leftTopX="224" leftTopY="320" rightBottomX="256" rightBottomY="352"/>
      <componentItem name="tJavaRow_1" link="tJavaRow_1" type="tJavaRow" leftTopX="608" leftTopY="320" rightBottomX="640" rightBottomY="352"/>
      <componentItem name="tJavaRow_2" link="tJavaRow_2" type="tJavaRow" leftTopX="1056" leftTopY="320" rightBottomX="1088" rightBottomY="352"/>
      <componentItem name="tJava_1" link="tJava_1" type="tJava" leftTopX="192" leftTopY="96" rightBottomX="224" rightBottomY="128"/>
      <componentItem name="tJava_2" link="tJava_2" type="tJava" leftTopX="672" leftTopY="96" rightBottomX="704" rightBottomY="128"/>
      <componentItem name="tLibraryLoad_1" link="tLibraryLoad_1" type="tLibraryLoad" leftTopX="64" leftTopY="96" rightBottomX="96" rightBottomY="128"/>
      <componentItem name="tMap_1" link="tMap_1" type="tMap" leftTopX="416" leftTopY="320" rightBottomX="448" rightBottomY="352"/>
    </componentList>
    <internalNodeComponents>
      <component icon="pictures/tCreateTable_1.png" uniqueName="tCreateTable_1" label="__UNIQUE_NAME__">
        <input link="tDBConnection_1">tDBConnection_1</input>
        <output link="tDie_3">tDie_3</output>
        <output link="tJavaFlex_1">tJavaFlex_1</output>
        <componentType>tCreateTable</componentType>
        <parameters>
          <column name="Eindeutiger Name" value="tCreateTable_1"/>
          <column name="Komponentenname" value="tCreateTable"/>
          <column name="Version" value="0.102 (ALPHA)"/>
          <column name="Familie" value="Databases"/>
          <column name="Start" value="false"/>
          <column name="Ausf&#252;hrbar" value="true"/>
          <column name="SUBTREE_START" value="true"/>
          <column name="END_OF_FLOW" value="true"/>
          <column name="Aktivieren" value="true"/>
          <column name="DUMMY" value="false"/>
          <column name="tStatCatcher Statistik" value="false"/>
          <column name="Hilfe" value="org.talend.help.tCreateTable"/>
          <column name="Update components" value="true"/>
          <column name="IREPORT_PATH" value=""/>
          <column name="JAVA_LIBRARY_PATH" value="/home/alfred/TOS_DI-20201208_1239-V7.4.1M5/configuration/lib/java"/>
          <column name="Subjob Farbe:" value=""/>
          <column name="&#220;berschriftsfarbe" value=""/>
          <column name="Eigenschaftstyp" value="Built-In"/>
          <column name="Datenbanktyp" value="SQLITE"/>
          <column name="Tabellen Aktion" value="CREATE_IF_NOT_EXIST"/>
          <column name="Gro&#223;- / Kleinschreibung-unterscheidend" value="false"/>
          <column name="Verwende vorhandene Verbindung" value="true"/>
          <column name="Host" value="&quot;&quot;"/>
          <column name="Datenbank Name" value="&quot;&quot;"/>
          <column name="Local Service Name" value="&quot;&quot;"/>
          <column name="Url" value="&quot;jdbc:oracle:oci:/@db10g_test&quot;"/>
          <column name="Benutzername" value="&quot;&quot;"/>
          <column name="Passwort " value="**"/>
          <column name="Port" value="&quot;&quot;"/>
          <column name="Schema" value="&quot;&quot;"/>
          <column name="CONNECTION_ACCESS" value=""/>
          <column name="Accessdatei" value="&quot;/home/alfred/TOS_DI-20201208_1239-V7.4.1M5/workspace/in.mdb&quot;"/>
          <column name="Datenbankversion" value="jt400-9.8.jar"/>
          <column name="CONNECTION_AS400" value=""/>
          <column name="CONNECTION_DB2" value=""/>
          <column name="CONNECTION_FIREBIRD" value=""/>
          <column name="Firebirddatei" value="&quot;/home/alfred/TOS_DI-20201208_1239-V7.4.1M5/workspace/in.FDB&quot;"/>
          <column name="Running Mode" value="HSQLDB_SERVER"/>
          <column name="Verwende TLS/SSL Sockets" value="false"/>
          <column name="DB Pfad" value="&quot;&quot;"/>
          <column name="Datenbank Name" value="&quot;&quot;"/>
          <column name="DB Alias" value="&quot;&quot;"/>
          <column name="CONNECTION_INFORMIX" value=""/>
          <column name="DB Server" value="&quot;&quot;"/>
          <column name="CONNECTION_INGRES" value=""/>
          <column name="CONNECTION_INTERBASE" value=""/>
          <column name="Interbasedatei" value="&quot;/home/alfred/TOS_DI-20201208_1239-V7.4.1M5/workspace/in.gdb&quot;"/>
          <column name="Framework Type" value="EMBEDED"/>
          <column name="Has been connected to a network server" value="false"/>
          <column name="Datenbank Name" value="&quot;&quot;"/>
          <column name="DB Root Pfad" value="&quot;&quot;"/>
          <column name="CONNECTION_MSSQL" value=""/>
          <column name="JDBC Provider" value="MSSQL_PROP"/>
          <column name="Tempor&#228;re Tabelle" value="false"/>
          <column name="CONNECTION_MYSQL" value=""/>
          <column name="Datenbankversion" value="MYSQL_8"/>
          <column name="CONNECTION_NETEZZA" value=""/>
          <column name="CONNECTION_ORACLE" value=""/>
          <column name="Verbindungstyp" value="ORACLE_SID"/>
          <column name="URL" value="&quot;&quot;"/>
          <column name="Datenbankversion" value="ORACLE_18"/>
          <column name="CONNECTION_POSTGRE" value=""/>
          <column name="DB Version" value="V9_X"/>
          <column name="Unlogged Table" value="false"/>
          <column name="CONNECTION_POSTGREPLUS" value=""/>
          <column name="CONNECTION_SQLITE" value="tDBConnection_1"/>
          <column name="SQLitedatei" value="&quot;/home/alfred/TOS_DI-20201208_1239-V7.4.1M5/workspace/talend.db&quot;"/>
          <column name="CONNECTION_SYBASE" value=""/>
          <column name="DB Version" value="SYBSEIQ_16"/>
          <column name="CONNECTION_TERADATA" value=""/>
          <column name="ODBC Name" value="&quot;&quot;"/>
          <column name="CONNECTION_GREENPLUM" value=""/>
          <column name="Use &quot;drop cascade&quot;" value="true"/>
          <column name="Datenbankversion" value="VERTICA_9_0"/>
          <column name="CONNECTION_VERTICA" value=""/>
          <column name="CONNECTION_EXASOL" value=""/>
          <column name="CONNECTION_REDSHIFT" value=""/>
          <column name="CONNECTION_SNOWFLAKE" value=""/>
          <column name="Account" value="&quot;&quot;"/>
          <column name="Role" value="&quot;&quot;"/>
          <column name="Tabellenname" value="context.SQLLite_Table"/>
          <column name="REPOSITORY_ALLOW_AUTO_SWITCH" value="true"/>
          <column name="Schema" value="Built-In"/>
          <column name="Mapping" value="sqlite_id"/>
          <column name="Erstellen" value="SET"/>
          <column name="Zus&#228;tzliche JDBC Parameter" value="&quot;&quot;"/>
          <column name="Authenticate using Azure Active Directory" value="false"/>
          <column name="Enforce database delimited identifiers" value="false"/>
          <column name="!!!ENCODING.NAME!!!" value="&quot;ISO-8859-15&quot;"/>
          <column name="Create projection" value="true"/>
          <column name="Bezeichnungsformat" value="__UNIQUE_NAME__"/>
          <column name="Hinweisformat" value="&lt;b&gt;__UNIQUE_NAME__&lt;/b&gt;&lt;br&gt;__COMMENT__"/>
          <column name="Verbindungsformat" value="row"/>
          <column name="Informationen anzeigen" value="false"/>
          <column name="Kommentar" value=""/>
          <column name="Use an existing validation rule" value="false"/>
          <column name="Validation Rule Type" value=""/>
        </parameters>
        <schemas>
          <schema name="EchoMail">
            <column name="MailFrom" key="true" type="String" length="" precision="" nullable="false" comment="Mailadresse"/>
            <column name="MailDate" key="false" type="java.util.Date" length="" precision="" nullable="true" comment="Date and Time of last Email"/>
            <column name="MailSubject" key="false" type="String" length="" precision="" nullable="true" comment=""/>
            <column name="MailNo" key="false" type="Integer" length="" precision="" nullable="true" comment="How many Mail did we already get from this user"/>
            <column name="MailDateLastTime" key="false" type="java.util.Date" length="" precision="" nullable="true" comment="When was last mail sent?"/>
            <column name="MailDateCompare" key="false" type="java.util.Date" length="" precision="" nullable="true" comment="Which date did i take for comparison?"/>
            <column name="Mailtobeskipped" key="false" type="Boolean" length="" precision="" nullable="true" comment="Last Message was skipped=true"/>
            <column name="MailFile" key="false" type="String" length="" precision="" nullable="true" comment="Tempor&#228;res Mailfile"/>
          </schema>
        </schemas>
      </component>
      <component icon="pictures/tCreateTemporaryFile_1.png" uniqueName="tCreateTemporaryFile_1" label="__UNIQUE_NAME__">
        <input link="tFileExist_1">tFileExist_1</input>
        <output link="tDie_1">tDie_1</output>
        <output link="tJava_2">tJava_2</output>
        <componentType>tCreateTemporaryFile</componentType>
        <parameters>
          <column name="Eindeutiger Name" value="tCreateTemporaryFile_1"/>
          <column name="Komponentenname" value="tCreateTemporaryFile"/>
          <column name="Version" value="0.102 (ALPHA)"/>
          <column name="Familie" value="File/Management"/>
          <column name="Start" value="false"/>
          <column name="Ausf&#252;hrbar" value="true"/>
          <column name="SUBTREE_START" value="true"/>
          <column name="END_OF_FLOW" value="true"/>
          <column name="Aktivieren" value="true"/>
          <column name="DUMMY" value="false"/>
          <column name="tStatCatcher Statistik" value="false"/>
          <column name="Hilfe" value="org.talend.help.tCreateTemporaryFile"/>
          <column name="Update components" value="true"/>
          <column name="IREPORT_PATH" value=""/>
          <column name="JAVA_LIBRARY_PATH" value="/home/alfred/TOS_DI-20201208_1239-V7.4.1M5/configuration/lib/java"/>
          <column name="Subjob Farbe:" value=""/>
          <column name="&#220;berschriftsfarbe" value=""/>
          <column name="L&#246;sche Datei wenn Ausf&#252;hrung beendet" value="true"/>
          <column name="Use default system temporary directory " value="false"/>
          <column name="Verzeichnis" value="context.TempDir"/>
          <column name="Use Prefix" value="false"/>
          <column name="Vorlage" value="context.SQLLite_Table"/>
          <column name="Prefix" value="context.SQLLite_Table"/>
          <column name="Suffix" value="&quot;lock&quot;"/>
          <column name="Bezeichnungsformat" value="__UNIQUE_NAME__"/>
          <column name="Hinweisformat" value="&lt;b&gt;__UNIQUE_NAME__&lt;/b&gt;&lt;br&gt;__COMMENT__"/>
          <column name="Verbindungsformat" value="row"/>
          <column name="Informationen anzeigen" value="false"/>
          <column name="Kommentar" value=""/>
          <column name="Use an existing validation rule" value="false"/>
          <column name="Validation Rule Type" value=""/>
        </parameters>
      </component>
      <component icon="pictures/tDBCommit_2.png" uniqueName="tDBCommit_2" label="__UNIQUE_NAME__">
        <input link="tDBOutput_1">tDBOutput_1</input>
        <output link="tLogRow_4">tLogRow_4</output>
        <componentType>tSQLiteCommit</componentType>
        <parameters>
          <column name="Database" value="tSQLiteCommit"/>
          <column name="Eindeutiger Name" value="tDBCommit_2"/>
          <column name="Komponentenname" value="tSQLiteCommit"/>
          <column name="Version" value="0.102 (ALPHA)"/>
          <column name="Familie" value="Databases/DB Specifics/SQLite"/>
          <column name="Start" value="false"/>
          <column name="Ausf&#252;hrbar" value="true"/>
          <column name="SUBTREE_START" value="false"/>
          <column name="END_OF_FLOW" value="false"/>
          <column name="Aktivieren" value="true"/>
          <column name="DUMMY" value="false"/>
          <column name="tStatCatcher Statistik" value="false"/>
          <column name="Hilfe" value="org.talend.help.tSQLiteCommit"/>
          <column name="Update components" value="true"/>
          <column name="IREPORT_PATH" value=""/>
          <column name="JAVA_LIBRARY_PATH" value="/home/alfred/TOS_DI-20201208_1239-V7.4.1M5/configuration/lib/java"/>
          <column name="Subjob Farbe:" value=""/>
          <column name="&#220;berschriftsfarbe" value=""/>
          <column name="Komponenten Liste" value="tDBConnection_1"/>
          <column name="Verbindung schlie&#223;en" value="false"/>
          <column name="Schema" value="Built-In"/>
          <column name="Bezeichnungsformat" value="__UNIQUE_NAME__"/>
          <column name="Hinweisformat" value="&lt;b&gt;__UNIQUE_NAME__&lt;/b&gt;&lt;br&gt;__COMMENT__"/>
          <column name="Verbindungsformat" value="row"/>
          <column name="Informationen anzeigen" value="false"/>
          <column name="Kommentar" value=""/>
          <column name="Use an existing validation rule" value="false"/>
          <column name="Validation Rule Type" value=""/>
        </parameters>
        <schemas>
          <schema name="Lookup">
            <column name="MailFrom" key="true" type="String" length="" precision="" nullable="true" comment=""/>
            <column name="MailDate" key="false" type="java.util.Date" length="" precision="" nullable="true" comment=""/>
            <column name="MailSubject" key="false" type="String" length="" precision="" nullable="true" comment=""/>
            <column name="MailFile" key="false" type="String" length="" precision="" nullable="true" comment=""/>
            <column name="MailDateLastTime" key="false" type="java.util.Date" length="" precision="" nullable="true" comment=""/>
            <column name="MailNo" key="false" type="Integer" length="" precision="" nullable="true" comment=""/>
            <column name="MailDateCompare" key="false" type="java.util.Date" length="" precision="" nullable="true" comment=""/>
            <column name="Mailtobeskipped" key="false" type="Boolean" length="" precision="" nullable="true" comment=""/>
          </schema>
        </schemas>
      </component>
      <component icon="pictures/tDBConnection_1.png" uniqueName="tDBConnection_1" label="__UNIQUE_NAME__">
        <input link="tJava_2">tJava_2</input>
        <output link="tCreateTable_1">tCreateTable_1</output>
        <output link="tDie_2">tDie_2</output>
        <componentType>tSQLiteConnection</componentType>
        <parameters>
          <column name="Database" value="tSQLiteConnection"/>
          <column name="Eindeutiger Name" value="tDBConnection_1"/>
          <column name="Komponentenname" value="tSQLiteConnection"/>
          <column name="Version" value="0.102 (ALPHA)"/>
          <column name="Familie" value="Databases/DB Specifics/SQLite|ELT/Connections"/>
          <column name="Start" value="false"/>
          <column name="Ausf&#252;hrbar" value="true"/>
          <column name="SUBTREE_START" value="true"/>
          <column name="END_OF_FLOW" value="true"/>
          <column name="Aktivieren" value="true"/>
          <column name="DUMMY" value="false"/>
          <column name="tStatCatcher Statistik" value="true"/>
          <column name="Hilfe" value="org.talend.help.tSQLiteConnection"/>
          <column name="Update components" value="true"/>
          <column name="IREPORT_PATH" value=""/>
          <column name="JAVA_LIBRARY_PATH" value="/home/alfred/TOS_DI-20201208_1239-V7.4.1M5/configuration/lib/java"/>
          <column name="Subjob Farbe:" value=""/>
          <column name="&#220;berschriftsfarbe" value=""/>
          <column name="Eigenschaftstyp" value="Built-In"/>
          <column name="Database" value="context.SQLLite"/>
          <column name="Verwende oder melde eine geteilte DB Verbindung an" value="true"/>
          <column name="Gemeinsam verwendeter DB Verbindungsname" value="context.SQLLite_Table"/>
          <column name="Autocommit" value="false"/>
          <column name="Bezeichnungsformat" value="__UNIQUE_NAME__"/>
          <column name="Hinweisformat" value="&lt;b&gt;__UNIQUE_NAME__&lt;/b&gt;&lt;br&gt;__COMMENT__"/>
          <column name="Verbindungsformat" value="row"/>
          <column name="Informationen anzeigen" value="false"/>
          <column name="Kommentar" value=""/>
          <column name="Use an existing validation rule" value="false"/>
          <column name="Validation Rule Type" value=""/>
        </parameters>
      </component>
      <component icon="pictures/tDBInput_1.png" uniqueName="tDBInput_1" label="__UNIQUE_NAME__">
        <input>none</input>
        <output link="tMap_1">tMap_1</output>
        <componentType>tSQLiteInput</componentType>
        <parameters>
          <column name="Database" value="tSQLiteInput"/>
          <column name="Eindeutiger Name" value="tDBInput_1"/>
          <column name="Komponentenname" value="tSQLiteInput"/>
          <column name="Version" value="0.102 (ALPHA)"/>
          <column name="Familie" value="Databases/DB Specifics/SQLite"/>
          <column name="Start" value="false"/>
          <column name="Ausf&#252;hrbar" value="true"/>
          <column name="SUBTREE_START" value="false"/>
          <column name="END_OF_FLOW" value="false"/>
          <column name="Aktivieren" value="true"/>
          <column name="DUMMY" value="false"/>
          <column name="tStatCatcher Statistik" value="false"/>
          <column name="Hilfe" value="org.talend.help.tSQLiteInput"/>
          <column name="Update components" value="true"/>
          <column name="IREPORT_PATH" value=""/>
          <column name="JAVA_LIBRARY_PATH" value="/home/alfred/TOS_DI-20201208_1239-V7.4.1M5/configuration/lib/java"/>
          <column name="Subjob Farbe:" value=""/>
          <column name="&#220;berschriftsfarbe" value=""/>
          <column name="Eigenschaftstyp" value="Built-In"/>
          <column name="eine bestehende Verbindung verwenden" value="true"/>
          <column name="Komponenten Liste" value="tDBConnection_1"/>
          <column name="Database" value="context.SQLLite"/>
          <column name="Datenbanktreiber" value="SQLite"/>
          <column name="REPOSITORY_ALLOW_AUTO_SWITCH" value="true"/>
          <column name="Schema" value="Built-In"/>
          <column name="Tabellenname" value="context.SQLLite_Table"/>
          <column name="Abfragetyp" value="Built-In"/>
          <column name="Errate Schema" value="&quot;&quot;"/>
          <column name="Abfrage" value="&quot;SELECT \&quot;&quot;+context.SQLLite_Table+&quot;\&quot;.MailFrom,
		\&quot;&quot;+context.SQLLite_Table+&quot;\&quot;.MailDate,
		\&quot;&quot;+context.SQLLite_Table+&quot;\&quot;.MailSubject,
		\&quot;&quot;+context.SQLLite_Table+&quot;\&quot;.MailNo,
		\&quot;&quot;+context.SQLLite_Table+&quot;\&quot;.MailDateLastTime,
		\&quot;&quot;+context.SQLLite_Table+&quot;\&quot;.MailDateCompare,
		\&quot;&quot;+context.SQLLite_Table+&quot;\&quot;.Mailtobeskipped,
		\&quot;&quot;+context.SQLLite_Table+&quot;\&quot;.MailFile&quot;
+&quot;
FROM	\&quot;&quot;+context.SQLLite_Table+&quot;\&quot;&quot;"/>
          <column name="Encoding" value="&quot;ISO-8859-15&quot;"/>
          <column name="Trimme alle Zeichenketten/Zeichen-Spalten" value="false"/>
          <column name="Trimmt Spalte" value="[{SCHEMA_COLUMN=MailFrom, TRIM=false}, {SCHEMA_COLUMN=MailDate, TRIM=false}, {SCHEMA_COLUMN=MailSubject, TRIM=false}, {SCHEMA_COLUMN=MailNo, TRIM=false}, {SCHEMA_COLUMN=MailDateLastTime, TRIM=false}, {SCHEMA_COLUMN=MailDateCompare, TRIM=false}, {SCHEMA_COLUMN=Mailtobeskipped, TRIM=false}, {SCHEMA_COLUMN=MailFile, TRIM=false}]"/>
          <column name="Bezeichnungsformat" value="__UNIQUE_NAME__"/>
          <column name="Hinweisformat" value="&lt;b&gt;__UNIQUE_NAME__&lt;/b&gt;&lt;br&gt;__COMMENT__"/>
          <column name="Verbindungsformat" value="row"/>
          <column name="Informationen anzeigen" value="false"/>
          <column name="Kommentar" value=""/>
          <column name="Use an existing validation rule" value="false"/>
          <column name="Validation Rule Type" value=""/>
        </parameters>
        <schemas>
          <schema name="tDBInput_1">
            <column name="MailFrom" key="true" type="String" length="" precision="" nullable="false" comment="Mailadresse"/>
            <column name="MailDate" key="false" type="java.util.Date" length="" precision="" nullable="true" comment="Date and Time of last Email"/>
            <column name="MailSubject" key="false" type="String" length="" precision="" nullable="true" comment=""/>
            <column name="MailNo" key="false" type="Integer" length="" precision="" nullable="true" comment="How many Mail did we already get from this user"/>
            <column name="MailDateLastTime" key="false" type="java.util.Date" length="" precision="" nullable="true" comment="When was last mail sent?"/>
            <column name="MailDateCompare" key="false" type="java.util.Date" length="" precision="" nullable="true" comment="Which date did i take for comparison?"/>
            <column name="Mailtobeskipped" key="false" type="Boolean" length="" precision="" nullable="true" comment="Last Message was skipped=true"/>
            <column name="MailFile" key="false" type="String" length="" precision="" nullable="true" comment="Tempor&#228;res Mailfile"/>
          </schema>
        </schemas>
      </component>
      <component icon="pictures/tDBOutput_1.png" uniqueName="tDBOutput_1" label="__UNIQUE_NAME__">
        <input link="tLogRow_3">tLogRow_3</input>
        <output link="tDBCommit_2">tDBCommit_2</output>
        <output link="tDie_5">tDie_5</output>
        <componentType>tSQLiteOutput</componentType>
        <parameters>
          <column name="Database" value="tSQLiteOutput"/>
          <column name="Eindeutiger Name" value="tDBOutput_1"/>
          <column name="Komponentenname" value="tSQLiteOutput"/>
          <column name="Version" value="0.102 (ALPHA)"/>
          <column name="Familie" value="Databases/DB Specifics/SQLite"/>
          <column name="Ausf&#252;hrbar" value="false"/>
          <column name="SUBTREE_START" value="false"/>
          <column name="END_OF_FLOW" value="false"/>
          <column name="Aktivieren" value="true"/>
          <column name="DUMMY" value="false"/>
          <column name="tStatCatcher Statistik" value="false"/>
          <column name="Hilfe" value="org.talend.help.tSQLiteOutput"/>
          <column name="Update components" value="true"/>
          <column name="IREPORT_PATH" value=""/>
          <column name="JAVA_LIBRARY_PATH" value="/home/alfred/TOS_DI-20201208_1239-V7.4.1M5/configuration/lib/java"/>
          <column name="Subjob Farbe:" value=""/>
          <column name="&#220;berschriftsfarbe" value=""/>
          <column name="Eigenschaftstyp" value="Built-In"/>
          <column name="eine bestehende Verbindung verwenden" value="true"/>
          <column name="Komponenten Liste" value="tDBConnection_1"/>
          <column name="Database" value="context.SQLLite"/>
          <column name="Datenbanktreiber" value="SQLite"/>
          <column name="Tabelle" value="context.SQLLite_Table"/>
          <column name="Aktion auf Tabelle" value="CREATE_IF_NOT_EXISTS"/>
          <column name="Aktion auf Daten" value="UPDATE_OR_INSERT"/>
          <column name="REPOSITORY_ALLOW_AUTO_SWITCH" value="true"/>
          <column name="Schema" value="Built-In"/>
          <column name="Reject Schema" value="Built-In"/>
          <column name="Abbrechen bei Fehler" value="true"/>
          <column name="Mapping" value="sqlite_id"/>
          <column name="Encoding" value="&quot;ISO-8859-15&quot;"/>
          <column name="Commit jede" value="10000"/>
          <column name="Zus&#228;tzliche Spalten" value="[]"/>
          <column name="Use field options" value="false"/>
          <column name="Field options" value="[{SCHEMA_COLUMN=MailFrom, UPDATE_KEY=false, DELETE_KEY=false, UPDATABLE=true, INSERTABLE=true}, {SCHEMA_COLUMN=MailDate, UPDATE_KEY=false, DELETE_KEY=false, UPDATABLE=true, INSERTABLE=true}, {SCHEMA_COLUMN=MailSubject, UPDATE_KEY=false, DELETE_KEY=false, UPDATABLE=true, INSERTABLE=true}, {SCHEMA_COLUMN=MailFile, UPDATE_KEY=false, DELETE_KEY=false, UPDATABLE=true, INSERTABLE=true}, {SCHEMA_COLUMN=MailDateLastTime, UPDATE_KEY=false, DELETE_KEY=false, UPDATABLE=true, INSERTABLE=true}, {SCHEMA_COLUMN=MailNo, UPDATE_KEY=false, DELETE_KEY=false, UPDATABLE=true, INSERTABLE=true}, {SCHEMA_COLUMN=MailDateCompare, UPDATE_KEY=false, DELETE_KEY=false, UPDATABLE=true, INSERTABLE=true}, {SCHEMA_COLUMN=Mailtobeskipped, UPDATE_KEY=false, DELETE_KEY=false, UPDATABLE=true, INSERTABLE=true}]"/>
          <column name="Debug Modus aktivieren" value="false"/>
          <column name="Unterst&#252;tze null in der &quot;SQL WHERE&quot; Bedingung" value="false"/>
          <column name="Use Batch" value="true"/>
          <column name="Batch Size" value="10000"/>
          <column name="Bezeichnungsformat" value="__UNIQUE_NAME__"/>
          <column name="Hinweisformat" value="&lt;b&gt;__UNIQUE_NAME__&lt;/b&gt;&lt;br&gt;__COMMENT__"/>
          <column name="Verbindungsformat" value="row"/>
          <column name="Informationen anzeigen" value="false"/>
          <column name="Kommentar" value=""/>
          <column name="Use an existing validation rule" value="false"/>
          <column name="Validation Rule Type" value=""/>
        </parameters>
        <schemas>
          <schema name="Lookup">
            <column name="MailFrom" key="true" type="String" length="" precision="" nullable="true" comment=""/>
            <column name="MailDate" key="false" type="java.util.Date" length="" precision="" nullable="true" comment=""/>
            <column name="MailSubject" key="false" type="String" length="" precision="" nullable="true" comment=""/>
            <column name="MailFile" key="false" type="String" length="" precision="" nullable="true" comment=""/>
            <column name="MailDateLastTime" key="false" type="java.util.Date" length="" precision="" nullable="true" comment=""/>
            <column name="MailNo" key="false" type="Integer" length="" precision="" nullable="true" comment=""/>
            <column name="MailDateCompare" key="false" type="java.util.Date" length="" precision="" nullable="true" comment=""/>
            <column name="Mailtobeskipped" key="false" type="Boolean" length="" precision="" nullable="true" comment=""/>
          </schema>
        </schemas>
      </component>
      <component icon="pictures/tDie_1.png" uniqueName="tDie_1" label="__UNIQUE_NAME__">
        <input link="tCreateTemporaryFile_1">tCreateTemporaryFile_1</input>
        <output>none</output>
        <componentType>tDie</componentType>
        <parameters>
          <column name="Eindeutiger Name" value="tDie_1"/>
          <column name="Komponentenname" value="tDie"/>
          <column name="Version" value="0.102 (ALPHA)"/>
          <column name="Familie" value="Logs_Errors"/>
          <column name="Start" value="false"/>
          <column name="Ausf&#252;hrbar" value="true"/>
          <column name="SUBTREE_START" value="true"/>
          <column name="END_OF_FLOW" value="true"/>
          <column name="Aktivieren" value="true"/>
          <column name="DUMMY" value="false"/>
          <column name="tStatCatcher Statistik" value="false"/>
          <column name="Hilfe" value="org.talend.help.tDie"/>
          <column name="Update components" value="true"/>
          <column name="IREPORT_PATH" value=""/>
          <column name="JAVA_LIBRARY_PATH" value="/home/alfred/TOS_DI-20201208_1239-V7.4.1M5/configuration/lib/java"/>
          <column name="Subjob Farbe:" value=""/>
          <column name="&#220;berschriftsfarbe" value=""/>
          <column name="Beenden Nachricht" value="context.TempDir+&quot;/&quot;+context.SQLLite_Table+&quot; kann nicht erzeugt werden!&quot;"/>
          <column name="Error Code" value="1"/>
          <column name="Priorit&#228;t" value="6"/>
          <column name="JVM sofort beenden" value="false"/>
          <column name="Schema" value="Built-In"/>
          <column name="Bezeichnungsformat" value="__UNIQUE_NAME__"/>
          <column name="Hinweisformat" value="&lt;b&gt;__UNIQUE_NAME__&lt;/b&gt;&lt;br&gt;__COMMENT__"/>
          <column name="Verbindungsformat" value="row"/>
          <column name="Informationen anzeigen" value="false"/>
          <column name="Kommentar" value=""/>
          <column name="Use an existing validation rule" value="false"/>
          <column name="Validation Rule Type" value=""/>
        </parameters>
        <schemas>
          <schema name="tDie_1"/>
        </schemas>
      </component>
      <component icon="pictures/tDie_2.png" uniqueName="tDie_2" label="__UNIQUE_NAME__">
        <input link="tDBConnection_1">tDBConnection_1</input>
        <output>none</output>
        <componentType>tDie</componentType>
        <parameters>
          <column name="Eindeutiger Name" value="tDie_2"/>
          <column name="Komponentenname" value="tDie"/>
          <column name="Version" value="0.102 (ALPHA)"/>
          <column name="Familie" value="Logs_Errors"/>
          <column name="Start" value="false"/>
          <column name="Ausf&#252;hrbar" value="true"/>
          <column name="SUBTREE_START" value="true"/>
          <column name="END_OF_FLOW" value="true"/>
          <column name="Aktivieren" value="true"/>
          <column name="DUMMY" value="false"/>
          <column name="tStatCatcher Statistik" value="false"/>
          <column name="Hilfe" value="org.talend.help.tDie"/>
          <column name="Update components" value="true"/>
          <column name="IREPORT_PATH" value=""/>
          <column name="JAVA_LIBRARY_PATH" value="/home/alfred/TOS_DI-20201208_1239-V7.4.1M5/configuration/lib/java"/>
          <column name="Subjob Farbe:" value=""/>
          <column name="&#220;berschriftsfarbe" value=""/>
          <column name="Beenden Nachricht" value="context.SQLLite+&quot; Datenbank kann nicht ge&#246;ffnet werden!&quot;"/>
          <column name="Error Code" value="2"/>
          <column name="Priorit&#228;t" value="6"/>
          <column name="JVM sofort beenden" value="false"/>
          <column name="Schema" value="Built-In"/>
          <column name="Bezeichnungsformat" value="__UNIQUE_NAME__"/>
          <column name="Hinweisformat" value="&lt;b&gt;__UNIQUE_NAME__&lt;/b&gt;&lt;br&gt;__COMMENT__"/>
          <column name="Verbindungsformat" value="row"/>
          <column name="Informationen anzeigen" value="false"/>
          <column name="Kommentar" value=""/>
          <column name="Use an existing validation rule" value="false"/>
          <column name="Validation Rule Type" value=""/>
        </parameters>
        <schemas>
          <schema name="tDie_2"/>
        </schemas>
      </component>
      <component icon="pictures/tDie_3.png" uniqueName="tDie_3" label="__UNIQUE_NAME__">
        <input link="tCreateTable_1">tCreateTable_1</input>
        <output>none</output>
        <componentType>tDie</componentType>
        <parameters>
          <column name="Eindeutiger Name" value="tDie_3"/>
          <column name="Komponentenname" value="tDie"/>
          <column name="Version" value="0.102 (ALPHA)"/>
          <column name="Familie" value="Logs_Errors"/>
          <column name="Start" value="false"/>
          <column name="Ausf&#252;hrbar" value="true"/>
          <column name="SUBTREE_START" value="true"/>
          <column name="END_OF_FLOW" value="true"/>
          <column name="Aktivieren" value="true"/>
          <column name="DUMMY" value="false"/>
          <column name="tStatCatcher Statistik" value="false"/>
          <column name="Hilfe" value="org.talend.help.tDie"/>
          <column name="Update components" value="true"/>
          <column name="IREPORT_PATH" value=""/>
          <column name="JAVA_LIBRARY_PATH" value="/home/alfred/TOS_DI-20201208_1239-V7.4.1M5/configuration/lib/java"/>
          <column name="Subjob Farbe:" value=""/>
          <column name="&#220;berschriftsfarbe" value=""/>
          <column name="Beenden Nachricht" value="context.SQLLite_Table+&quot; DB-Tabelle kann nicht ge&#246;ffnet werden&quot;"/>
          <column name="Error Code" value="3"/>
          <column name="Priorit&#228;t" value="6"/>
          <column name="JVM sofort beenden" value="false"/>
          <column name="Schema" value="Built-In"/>
          <column name="Bezeichnungsformat" value="__UNIQUE_NAME__"/>
          <column name="Hinweisformat" value="&lt;b&gt;__UNIQUE_NAME__&lt;/b&gt;&lt;br&gt;__COMMENT__"/>
          <column name="Verbindungsformat" value="row"/>
          <column name="Informationen anzeigen" value="false"/>
          <column name="Kommentar" value=""/>
          <column name="Use an existing validation rule" value="false"/>
          <column name="Validation Rule Type" value=""/>
        </parameters>
        <schemas>
          <schema name="tDie_3"/>
        </schemas>
      </component>
      <component icon="pictures/tDie_4.png" uniqueName="tDie_4" label="__UNIQUE_NAME__">
        <input link="tJavaFlex_1">tJavaFlex_1</input>
        <output>none</output>
        <componentType>tDie</componentType>
        <parameters>
          <column name="Eindeutiger Name" value="tDie_4"/>
          <column name="Komponentenname" value="tDie"/>
          <column name="Version" value="0.102 (ALPHA)"/>
          <column name="Familie" value="Logs_Errors"/>
          <column name="Start" value="false"/>
          <column name="Ausf&#252;hrbar" value="true"/>
          <column name="SUBTREE_START" value="true"/>
          <column name="END_OF_FLOW" value="true"/>
          <column name="Aktivieren" value="true"/>
          <column name="DUMMY" value="false"/>
          <column name="tStatCatcher Statistik" value="false"/>
          <column name="Hilfe" value="org.talend.help.tDie"/>
          <column name="Update components" value="true"/>
          <column name="IREPORT_PATH" value=""/>
          <column name="JAVA_LIBRARY_PATH" value="/home/alfred/TOS_DI-20201208_1239-V7.4.1M5/configuration/lib/java"/>
          <column name="Subjob Farbe:" value=""/>
          <column name="&#220;berschriftsfarbe" value=""/>
          <column name="Beenden Nachricht" value="&quot;Fehler bei Mailaufbau/Maillesen&quot;"/>
          <column name="Error Code" value="4"/>
          <column name="Priorit&#228;t" value="6"/>
          <column name="JVM sofort beenden" value="false"/>
          <column name="Schema" value="Built-In"/>
          <column name="Bezeichnungsformat" value="__UNIQUE_NAME__"/>
          <column name="Hinweisformat" value="&lt;b&gt;__UNIQUE_NAME__&lt;/b&gt;&lt;br&gt;__COMMENT__"/>
          <column name="Verbindungsformat" value="row"/>
          <column name="Informationen anzeigen" value="false"/>
          <column name="Kommentar" value=""/>
          <column name="Use an existing validation rule" value="false"/>
          <column name="Validation Rule Type" value=""/>
        </parameters>
        <schemas>
          <schema name="tDie_4"/>
        </schemas>
      </component>
      <component icon="pictures/tDie_5.png" uniqueName="tDie_5" label="__UNIQUE_NAME__">
        <input link="tDBOutput_1">tDBOutput_1</input>
        <output>none</output>
        <componentType>tDie</componentType>
        <parameters>
          <column name="Eindeutiger Name" value="tDie_5"/>
          <column name="Komponentenname" value="tDie"/>
          <column name="Version" value="0.102 (ALPHA)"/>
          <column name="Familie" value="Logs_Errors"/>
          <column name="Start" value="false"/>
          <column name="Ausf&#252;hrbar" value="true"/>
          <column name="SUBTREE_START" value="true"/>
          <column name="END_OF_FLOW" value="true"/>
          <column name="Aktivieren" value="true"/>
          <column name="DUMMY" value="false"/>
          <column name="tStatCatcher Statistik" value="false"/>
          <column name="Hilfe" value="org.talend.help.tDie"/>
          <column name="Update components" value="true"/>
          <column name="IREPORT_PATH" value=""/>
          <column name="JAVA_LIBRARY_PATH" value="/home/alfred/TOS_DI-20201208_1239-V7.4.1M5/configuration/lib/java"/>
          <column name="Subjob Farbe:" value=""/>
          <column name="&#220;berschriftsfarbe" value=""/>
          <column name="Beenden Nachricht" value="context.SQLLite + &quot; Tabelle &quot; + context.SQLLite_Table + &quot; kann nicht geschrieben werden &quot;"/>
          <column name="Error Code" value="5"/>
          <column name="Priorit&#228;t" value="6"/>
          <column name="JVM sofort beenden" value="false"/>
          <column name="Schema" value="Built-In"/>
          <column name="Bezeichnungsformat" value="__UNIQUE_NAME__"/>
          <column name="Hinweisformat" value="&lt;b&gt;__UNIQUE_NAME__&lt;/b&gt;&lt;br&gt;__COMMENT__"/>
          <column name="Verbindungsformat" value="row"/>
          <column name="Informationen anzeigen" value="false"/>
          <column name="Kommentar" value=""/>
          <column name="Use an existing validation rule" value="false"/>
          <column name="Validation Rule Type" value=""/>
        </parameters>
        <schemas>
          <schema name="tDie_5"/>
        </schemas>
      </component>
      <component icon="pictures/tDie_6.png" uniqueName="tDie_6" label="__UNIQUE_NAME__">
        <input link="tJavaRow_2">tJavaRow_2</input>
        <output>none</output>
        <componentType>tDie</componentType>
        <parameters>
          <column name="Eindeutiger Name" value="tDie_6"/>
          <column name="Komponentenname" value="tDie"/>
          <column name="Version" value="0.102 (ALPHA)"/>
          <column name="Familie" value="Logs_Errors"/>
          <column name="Start" value="false"/>
          <column name="Ausf&#252;hrbar" value="true"/>
          <column name="SUBTREE_START" value="true"/>
          <column name="END_OF_FLOW" value="true"/>
          <column name="Aktivieren" value="true"/>
          <column name="DUMMY" value="false"/>
          <column name="tStatCatcher Statistik" value="false"/>
          <column name="Hilfe" value="org.talend.help.tDie"/>
          <column name="Update components" value="true"/>
          <column name="IREPORT_PATH" value=""/>
          <column name="JAVA_LIBRARY_PATH" value="/home/alfred/TOS_DI-20201208_1239-V7.4.1M5/configuration/lib/java"/>
          <column name="Subjob Farbe:" value=""/>
          <column name="&#220;berschriftsfarbe" value=""/>
          <column name="Beenden Nachricht" value="&quot;Mail kann nicht versandt werden&quot;"/>
          <column name="Error Code" value="6"/>
          <column name="Priorit&#228;t" value="6"/>
          <column name="JVM sofort beenden" value="false"/>
          <column name="Schema" value="Built-In"/>
          <column name="Bezeichnungsformat" value="__UNIQUE_NAME__"/>
          <column name="Hinweisformat" value="&lt;b&gt;__UNIQUE_NAME__&lt;/b&gt;&lt;br&gt;__COMMENT__"/>
          <column name="Verbindungsformat" value="row"/>
          <column name="Informationen anzeigen" value="false"/>
          <column name="Kommentar" value=""/>
          <column name="Use an existing validation rule" value="false"/>
          <column name="Validation Rule Type" value=""/>
        </parameters>
        <schemas>
          <schema name="tDie_6"/>
        </schemas>
      </component>
      <component icon="pictures/tDie_7.png" uniqueName="tDie_7" label="__UNIQUE_NAME__">
        <input link="tFileExist_1">tFileExist_1</input>
        <output>none</output>
        <componentType>tDie</componentType>
        <parameters>
          <column name="Eindeutiger Name" value="tDie_7"/>
          <column name="Komponentenname" value="tDie"/>
          <column name="Version" value="0.102 (ALPHA)"/>
          <column name="Familie" value="Logs_Errors"/>
          <column name="Start" value="false"/>
          <column name="Ausf&#252;hrbar" value="true"/>
          <column name="SUBTREE_START" value="true"/>
          <column name="END_OF_FLOW" value="true"/>
          <column name="Aktivieren" value="true"/>
          <column name="DUMMY" value="false"/>
          <column name="tStatCatcher Statistik" value="false"/>
          <column name="Hilfe" value="org.talend.help.tDie"/>
          <column name="Update components" value="true"/>
          <column name="IREPORT_PATH" value=""/>
          <column name="JAVA_LIBRARY_PATH" value="/home/alfred/TOS_DI-20201208_1239-V7.4.1M5/configuration/lib/java"/>
          <column name="Subjob Farbe:" value=""/>
          <column name="&#220;berschriftsfarbe" value=""/>
          <column name="Beenden Nachricht" value="context.TempDir+&quot;/&quot;+context.SQLLite_Table+&quot;.lock&quot;+&quot; existiert bereits -&gt; ein anderer Prozess l&#228;uft!&quot;"/>
          <column name="Error Code" value="99"/>
          <column name="Priorit&#228;t" value="3"/>
          <column name="JVM sofort beenden" value="true"/>
          <column name="Schema" value="Built-In"/>
          <column name="Bezeichnungsformat" value="__UNIQUE_NAME__"/>
          <column name="Hinweisformat" value="&lt;b&gt;__UNIQUE_NAME__&lt;/b&gt;&lt;br&gt;__COMMENT__"/>
          <column name="Verbindungsformat" value="row"/>
          <column name="Informationen anzeigen" value="false"/>
          <column name="Kommentar" value=""/>
          <column name="Use an existing validation rule" value="false"/>
          <column name="Validation Rule Type" value=""/>
        </parameters>
        <schemas>
          <schema name="tDie_7"/>
        </schemas>
      </component>
      <component icon="pictures/tFileDelete_1.png" uniqueName="tFileDelete_1" label="__UNIQUE_NAME__">
        <input link="tLogRow_5">tLogRow_5</input>
        <output>none</output>
        <componentType>tFileDelete</componentType>
        <parameters>
          <column name="Eindeutiger Name" value="tFileDelete_1"/>
          <column name="Komponentenname" value="tFileDelete"/>
          <column name="Version" value="0.102 (ALPHA)"/>
          <column name="Familie" value="File/Management"/>
          <column name="Start" value="false"/>
          <column name="Ausf&#252;hrbar" value="true"/>
          <column name="SUBTREE_START" value="false"/>
          <column name="END_OF_FLOW" value="true"/>
          <column name="Aktivieren" value="true"/>
          <column name="DUMMY" value="false"/>
          <column name="tStatCatcher Statistik" value="true"/>
          <column name="Hilfe" value="org.talend.help.tFileDelete"/>
          <column name="Update components" value="true"/>
          <column name="IREPORT_PATH" value=""/>
          <column name="JAVA_LIBRARY_PATH" value="/home/alfred/TOS_DI-20201208_1239-V7.4.1M5/configuration/lib/java"/>
          <column name="Subjob Farbe:" value=""/>
          <column name="&#220;berschriftsfarbe" value=""/>
          <column name="Dateiname" value="&quot;/home/alfred/TOS_DI-20201208_1239-V7.4.1M5/workspace/in.csv&quot;"/>
          <column name="Verzeichnis" value="&quot;/home/alfred/TOS_DI-20201208_1239-V7.4.1M5/workspace/delete_folder&quot;"/>
          <column name="Datei oder Verzeichnis das gel&#246;scht werden soll" value="row11.MailFile"/>
          <column name="Fehlschlagen bei Fehlern" value="true"/>
          <column name="Ordner l&#246;schen" value="false"/>
          <column name="L&#246;sche Datei oder Verzeichnis" value="true"/>
          <column name="Schema" value="Built-In"/>
          <column name="Bezeichnungsformat" value="__UNIQUE_NAME__"/>
          <column name="Hinweisformat" value="&lt;b&gt;__UNIQUE_NAME__&lt;/b&gt;&lt;br&gt;__COMMENT__"/>
          <column name="Verbindungsformat" value="row"/>
          <column name="Informationen anzeigen" value="false"/>
          <column name="Kommentar" value=""/>
          <column name="Use an existing validation rule" value="false"/>
          <column name="Validation Rule Type" value=""/>
        </parameters>
        <schemas>
          <schema name="Lookup">
            <column name="MailFrom" key="true" type="String" length="" precision="" nullable="true" comment=""/>
            <column name="MailDate" key="false" type="java.util.Date" length="" precision="" nullable="true" comment=""/>
            <column name="MailSubject" key="false" type="String" length="" precision="" nullable="true" comment=""/>
            <column name="MailFile" key="false" type="String" length="" precision="" nullable="true" comment=""/>
            <column name="MailDateLastTime" key="false" type="java.util.Date" length="" precision="" nullable="true" comment=""/>
            <column name="MailNo" key="false" type="Integer" length="" precision="" nullable="true" comment=""/>
            <column name="MailDateCompare" key="false" type="java.util.Date" length="" precision="" nullable="true" comment=""/>
            <column name="Mailtobeskipped" key="false" type="Boolean" length="" precision="" nullable="true" comment=""/>
          </schema>
        </schemas>
      </component>
      <component icon="pictures/tFileExist_1.png" uniqueName="tFileExist_1" label="__UNIQUE_NAME__">
        <input link="tJava_1">tJava_1</input>
        <output link="tCreateTemporaryFile_1">tCreateTemporaryFile_1</output>
        <output link="tDie_7">tDie_7</output>
        <componentType>tFileExist</componentType>
        <parameters>
          <column name="Eindeutiger Name" value="tFileExist_1"/>
          <column name="Komponentenname" value="tFileExist"/>
          <column name="Version" value="0.101 (ALPHA)"/>
          <column name="Familie" value="File/Management"/>
          <column name="Start" value="false"/>
          <column name="Ausf&#252;hrbar" value="true"/>
          <column name="SUBTREE_START" value="true"/>
          <column name="END_OF_FLOW" value="true"/>
          <column name="Aktivieren" value="true"/>
          <column name="DUMMY" value="false"/>
          <column name="tStatCatcher Statistik" value="false"/>
          <column name="Hilfe" value="org.talend.help.tFileExist"/>
          <column name="Update components" value="true"/>
          <column name="IREPORT_PATH" value=""/>
          <column name="JAVA_LIBRARY_PATH" value="/home/alfred/TOS_DI-20201208_1239-V7.4.1M5/configuration/lib/java"/>
          <column name="Subjob Farbe:" value=""/>
          <column name="&#220;berschriftsfarbe" value=""/>
          <column name="Dateiname" value="context.TempDir+&quot;/&quot;+context.SQLLite_Table+&quot;.lock&quot;"/>
          <column name="Bezeichnungsformat" value="__UNIQUE_NAME__"/>
          <column name="Hinweisformat" value="&lt;b&gt;__UNIQUE_NAME__&lt;/b&gt;&lt;br&gt;__COMMENT__"/>
          <column name="Verbindungsformat" value="row"/>
          <column name="Informationen anzeigen" value="false"/>
          <column name="Kommentar" value=""/>
          <column name="Use an existing validation rule" value="false"/>
          <column name="Validation Rule Type" value=""/>
        </parameters>
      </component>
      <component icon="pictures/tJavaFlex_1.png" uniqueName="tJavaFlex_1" label="GetMail">
        <input link="tCreateTable_1">tCreateTable_1</input>
        <output link="tLogRow_1">tLogRow_1</output>
        <output link="tDie_4">tDie_4</output>
        <componentType>tJavaFlex</componentType>
        <parameters>
          <column name="Eindeutiger Name" value="tJavaFlex_1"/>
          <column name="Komponentenname" value="tJavaFlex"/>
          <column name="Version" value="0.101 (ALPHA)"/>
          <column name="Familie" value="Custom_Code"/>
          <column name="Start" value="false"/>
          <column name="Ausf&#252;hrbar" value="true"/>
          <column name="SUBTREE_START" value="true"/>
          <column name="END_OF_FLOW" value="false"/>
          <column name="Aktivieren" value="true"/>
          <column name="DUMMY" value="false"/>
          <column name="tStatCatcher Statistik" value="false"/>
          <column name="Hilfe" value="org.talend.help.tJavaFlex"/>
          <column name="Update components" value="true"/>
          <column name="IREPORT_PATH" value=""/>
          <column name="JAVA_LIBRARY_PATH" value="/home/alfred/TOS_DI-20201208_1239-V7.4.1M5/configuration/lib/java"/>
          <column name="Subjob Farbe:" value=""/>
          <column name="&#220;berschriftsfarbe" value=""/>
          <column name="REPOSITORY_ALLOW_AUTO_SWITCH" value="true"/>
          <column name="Schema" value="Built-In"/>
          <column name="Data Auto Propagate(before main part)" value="true"/>
          <column name="Start Code" value="/*
***************************************************************************************************
* $Date: 2021-02-10 12:32:04 +0100 (Mi, 10. Feb 2021) $
* $Revision: 256 $
* $Author: alfred $
* $HeadURL: https://monitoring.slainte.at/svn/slainte/trunk/Talend/EchoMail_Java/GetMail_StartCode.Java $
* $Id: GetMail_StartCode.Java 256 2021-02-10 11:32:04Z alfred $
***************************************************************************************************
*/
// start part of your Java code
        GetMail myMail=new GetMail();
        myMail.setPosteingang_host(context.ImapHost);
        myMail.setBenutzerName(context.ImapUser);
        myMail.setPassword(context.ImapPassword);
        myMail.setDoDebug(context.DoDebug);
        myMail.setDoDelete(true); // l&#246;schen nach dem Lesen
        myMail.setDoRead(true); // als gelesen markieren (bei L&#246;schen eigentlich egal)
        myMail.setDoUNSEEN(false); // alle Mails
        myMail.setstarttls(true);
        myMail.setIsSSL(true);
        myMail.setTmpDir(context.TempDir);
        myMail.doConnect();
        for (int i=0;i&lt;1;){ // Talend braucht da was
"/>
          <column name="Main Code" value="/*
***************************************************************************************************
* $Date: 2021-01-15 12:30:57 +0100 (Fri, 15 Jan 2021) $
* $Revision: 82 $
* $Author: alfred $
* $HeadURL: https://monitoring.slainte.at/svn/slainte/trunk/Talend/EchoMail_Java/GetMail_MainCode.Java $
* $Id: GetMail_MainCode.Java 82 2021-01-15 11:30:57Z alfred $
***************************************************************************************************
*/
// here is the main part of the component,
// a piece of code executed in the row
// loop
            myMail.NextMessage();
            //System.out.println(&quot;From    :&quot;+myMail.Getmailfrom());
            row1.mailfrom=myMail.Getmailfrom();
            //System.out.println(&quot;Date    :&quot;+myMail.GetSentDate());
            row1.sentdate=myMail.GetSentDate();
            //System.out.println(&quot;Subject :&quot;+myMail.GetSubject());
            row1.subject=myMail.GetSubject();
            //System.out.println(&quot;Mailfile:&quot;+myMail.Getmailfile());
            row1.mailfile=myMail.Getmailfile();
"/>
          <column name="End Code" value="// end of the component, outside/closing the loop
              }
        myMail.doDisConnect();
/*
***************************************************************************************************
* $Date: 2021-01-15 12:30:57 +0100 (Fri, 15 Jan 2021) $
* $Revision: 82 $
* $Author: alfred $
* $HeadURL: https://monitoring.slainte.at/svn/slainte/trunk/Talend/EchoMail_Java/GetMail_EndCode.Java $
* $Id: GetMail_EndCode.Java 82 2021-01-15 11:30:57Z alfred $
***************************************************************************************************
*/      "/>
          <column name="TOS2.0" value="false"/>
          <column name="TOS3.2" value="false"/>
          <column name="TOS4.0" value="true"/>
          <column name="Importiere" value="//import java.util.List;
"/>
          <column name="Bezeichnungsformat" value="GetMail"/>
          <column name="Hinweisformat" value="&lt;b&gt;__UNIQUE_NAME__&lt;/b&gt;&lt;br&gt;__COMMENT__"/>
          <column name="Verbindungsformat" value="row"/>
          <column name="Informationen anzeigen" value="false"/>
          <column name="Kommentar" value=""/>
          <column name="Use an existing validation rule" value="false"/>
          <column name="Validation Rule Type" value=""/>
        </parameters>
        <schemas>
          <schema name="tJavaFlex_1">
            <column name="mailfrom" key="true" type="String" length="" precision="" nullable="true" comment=""/>
            <column name="sentdate" key="false" type="java.util.Date" length="" precision="" nullable="true" comment=""/>
            <column name="subject" key="false" type="String" length="" precision="" nullable="true" comment=""/>
            <column name="mailfile" key="false" type="String" length="" precision="" nullable="true" comment=""/>
          </schema>
        </schemas>
      </component>
      <component icon="pictures/tJavaRow_1.png" uniqueName="tJavaRow_1" label="__UNIQUE_NAME__">
        <input link="tLogRow_2">tLogRow_2</input>
        <output link="tLogRow_3">tLogRow_3</output>
        <componentType>tJavaRow</componentType>
        <parameters>
          <column name="Eindeutiger Name" value="tJavaRow_1"/>
          <column name="Komponentenname" value="tJavaRow"/>
          <column name="Version" value="0.101 (ALPHA)"/>
          <column name="Familie" value="Custom_Code"/>
          <column name="Ausf&#252;hrbar" value="false"/>
          <column name="SUBTREE_START" value="false"/>
          <column name="END_OF_FLOW" value="false"/>
          <column name="Aktivieren" value="true"/>
          <column name="DUMMY" value="false"/>
          <column name="tStatCatcher Statistik" value="false"/>
          <column name="Hilfe" value="org.talend.help.tJavaRow"/>
          <column name="Update components" value="true"/>
          <column name="IREPORT_PATH" value=""/>
          <column name="JAVA_LIBRARY_PATH" value="/home/alfred/TOS_DI-20201208_1239-V7.4.1M5/configuration/lib/java"/>
          <column name="Subjob Farbe:" value=""/>
          <column name="&#220;berschriftsfarbe" value=""/>
          <column name="REPOSITORY_ALLOW_AUTO_SWITCH" value="true"/>
          <column name="Schema" value="Built-In"/>
          <column name="Code" value="// Logik um zu erkennen, ob eine Nachricht beantwortet werden soll oder nicht -&gt; DOS Vermeidung
{
//Hilfsvariable
Integer	inthelp=0;

output_row.MailFrom = input_row.MailFrom;
output_row.MailDate = input_row.MailDate;
output_row.MailSubject = input_row.MailSubject;
output_row.MailFile = input_row.MailFile;
output_row.MailDateLastTime = input_row.MailDateLastTime;
output_row.MailNo = input_row.MailNo;
output_row.MailDateCompare = output_row.MailDateLastTime;
output_row.Mailtobeskipped = input_row.Mailtobeskipped;

if (context.DoDebug) {
	System.out.println(&quot;***************************************************************************************************&quot;);
	System.out.println(&quot;* $Date: 2021-01-16 19:40:11 +0100 (Sat, 16 Jan 2021) $&quot;);
	System.out.println(&quot;* $Revision: 95 $&quot;);
	System.out.println(&quot;* $Author: alfred $&quot;);
	System.out.println(&quot;* $HeadURL: https://monitoring.slainte.at/svn/slainte/trunk/Talend/EchoMail_Java/tJavaRow_1.Java $&quot;);
	System.out.println(&quot;* $Id: tJavaRow_1.Java 95 2021-01-16 18:40:11Z alfred $&quot;);
	System.out.println(&quot;***************************************************************************************************&quot;);
	System.out.println(&quot;**** Debug Input Values ****&quot;);
	System.out.println(&quot;MailFrom         :&quot;+output_row.MailFrom);
	System.out.println(&quot;MailDate         :&quot;+output_row.MailDate);
	System.out.println(&quot;MailSubject      :&quot;+output_row.MailSubject);
	System.out.println(&quot;MailNo           :&quot;+output_row.MailNo);
	System.out.println(&quot;MailDateLastTime :&quot;+output_row.MailDateLastTime);
	System.out.println(&quot;MailDateCompare  :&quot;+output_row.MailDateCompare);
	System.out.println(&quot;Mailtobeskipped  :&quot;+output_row.Mailtobeskipped);
	System.out.println(&quot;MailFile         :&quot;+output_row.MailFile);
	System.out.println(&quot;***************************************************&quot;);
}

if (output_row.MailNo == null) { // Z&#228;hlen, wie oft wir von diesem Absender schon eine Mail bekommen haben.
	output_row.MailNo = 1;
} 
else {
	output_row.MailNo = output_row.MailNo+1;
}

if (output_row.MailDateLastTime == null){ // Beim erstenmal richtig initialisieren
	if (context.DoDebug) {
		System.out.println(&quot;Initiale Mail - zum ersten Mal von diesem Empf&#228;nger&quot;); 
	}
	inthelp=1;
} 
else {
        Calendar c = Calendar.getInstance();
        c.setTime(output_row.MailDateCompare);
        c.add(Calendar.MINUTE, context.Purge_time_Minutes);
        // Convert calendar back to Date
        output_row.MailDateCompare=c.getTime();
        
	if (output_row.MailDate.before(output_row.MailDateCompare)) { // Zeitspanne ist zu kurz
		inthelp=0; // Mail wird verworfen
	} else {
		inthelp=1; // Mail wird beantwortet
	}
	if (context.DoDebug) {
		System.out.println(&quot;Output MailDate    : &quot;+output_row.MailDate); 
		System.out.println(&quot;Output MailCompare : &quot;+output_row.MailDateCompare); 
		System.out.println(&quot;Vergleichsergebniss: &quot;+inthelp); 
	}
}
if (inthelp &lt; 1) { 
	if (context.DoDebug) {
		System.out.println(&quot;Diese Nachricht ist innerhalb der Purge-Zeit -&gt; wird ignoriert!&quot;); 
	}
	output_row.Mailtobeskipped=true; 
	} 
else { 
	if (context.DoDebug) {
		System.out.println(&quot;Diese Nachricht wird beantwortet.&quot;); 
	}
	output_row.MailDateLastTime = output_row.MailDate;
	output_row.Mailtobeskipped=false; 
} 
// F&#252;r die n&#228;chste Runde
output_row.MailDateLastTime=output_row.MailDate;
if (context.DoDebug) {
	System.out.println(&quot;**** Debug Output Values ****&quot;);
	System.out.println(&quot;MailFrom         :&quot;+output_row.MailFrom);
	System.out.println(&quot;MailDate         :&quot;+output_row.MailDate);
	System.out.println(&quot;MailSubject      :&quot;+output_row.MailSubject);
	System.out.println(&quot;MailNo           :&quot;+output_row.MailNo);
	System.out.println(&quot;MailDateLastTime :&quot;+output_row.MailDateLastTime);
	System.out.println(&quot;MailDateCompare  :&quot;+output_row.MailDateCompare);
	System.out.println(&quot;Mailtobeskipped  :&quot;+output_row.Mailtobeskipped);
	System.out.println(&quot;MailFile         :&quot;+output_row.MailFile);
	System.out.println(&quot;***************************************************&quot;);
}
}"/>
          <column name="Importiere" value="//import java.util.List;
import java.util.Calendar;
import java.util.Date;"/>
          <column name="Bezeichnungsformat" value="__UNIQUE_NAME__"/>
          <column name="Hinweisformat" value="&lt;b&gt;__UNIQUE_NAME__&lt;/b&gt;&lt;br&gt;__COMMENT__"/>
          <column name="Verbindungsformat" value="row"/>
          <column name="Informationen anzeigen" value="false"/>
          <column name="Kommentar" value=""/>
          <column name="Use an existing validation rule" value="false"/>
          <column name="Validation Rule Type" value=""/>
        </parameters>
        <schemas>
          <schema name="Lookup">
            <column name="MailFrom" key="true" type="String" length="" precision="" nullable="true" comment=""/>
            <column name="MailDate" key="false" type="java.util.Date" length="" precision="" nullable="true" comment=""/>
            <column name="MailSubject" key="false" type="String" length="" precision="" nullable="true" comment=""/>
            <column name="MailFile" key="false" type="String" length="" precision="" nullable="true" comment=""/>
            <column name="MailDateLastTime" key="false" type="java.util.Date" length="" precision="" nullable="true" comment=""/>
            <column name="MailNo" key="false" type="Integer" length="" precision="" nullable="true" comment=""/>
            <column name="MailDateCompare" key="false" type="java.util.Date" length="" precision="" nullable="true" comment=""/>
            <column name="Mailtobeskipped" key="false" type="Boolean" length="" precision="" nullable="true" comment=""/>
          </schema>
        </schemas>
      </component>
      <component icon="pictures/tJavaRow_2.png" uniqueName="tJavaRow_2" label="__UNIQUE_NAME__">
        <input link="tLogRow_4">tLogRow_4</input>
        <output link="tLogRow_5">tLogRow_5</output>
        <output link="tDie_6">tDie_6</output>
        <componentType>tJavaRow</componentType>
        <parameters>
          <column name="Eindeutiger Name" value="tJavaRow_2"/>
          <column name="Komponentenname" value="tJavaRow"/>
          <column name="Version" value="0.101 (ALPHA)"/>
          <column name="Familie" value="Custom_Code"/>
          <column name="Ausf&#252;hrbar" value="false"/>
          <column name="SUBTREE_START" value="false"/>
          <column name="END_OF_FLOW" value="false"/>
          <column name="Aktivieren" value="true"/>
          <column name="DUMMY" value="false"/>
          <column name="tStatCatcher Statistik" value="false"/>
          <column name="Hilfe" value="org.talend.help.tJavaRow"/>
          <column name="Update components" value="true"/>
          <column name="IREPORT_PATH" value=""/>
          <column name="JAVA_LIBRARY_PATH" value="/home/alfred/TOS_DI-20201208_1239-V7.4.1M5/configuration/lib/java"/>
          <column name="Subjob Farbe:" value=""/>
          <column name="&#220;berschriftsfarbe" value=""/>
          <column name="REPOSITORY_ALLOW_AUTO_SWITCH" value="true"/>
          <column name="Schema" value="Built-In"/>
          <column name="Code" value="/*
***************************************************************************************************
* $Date: 2021-01-16 19:42:27 +0100 (Sat, 16 Jan 2021) $
* $Revision: 96 $
* $Author: alfred $
* $HeadURL: https://monitoring.slainte.at/svn/slainte/trunk/Talend/EchoMail_Java/tJavaRow_2.Java $
* $Id: tJavaRow_2.Java 96 2021-01-16 18:42:27Z alfred $
***************************************************************************************************
*/
{
SendMail mySendMail=new SendMail();
String MsgText=null;

output_row.MailFrom = input_row.MailFrom;
output_row.MailDate = input_row.MailDate;
output_row.MailSubject = input_row.MailSubject;
output_row.MailFile = input_row.MailFile;
output_row.MailDateLastTime = input_row.MailDateLastTime;
output_row.MailNo = input_row.MailNo;
output_row.MailDateCompare = input_row.MailDateCompare;
output_row.Mailtobeskipped = input_row.Mailtobeskipped;

if (output_row.Mailtobeskipped){
	if (context.DoDebug) { // Show the context values	System.out.println(&quot;Mail wird nicht versandt&quot;)
		System.out.println(&quot;output_row.MailDate =&quot;+ input_row.MailDate);
		System.out.println(&quot;output_row.MailDateCompare =&quot;+ input_row.MailDateCompare);
		System.out.println(&quot;output_row.Mailtobeskipped =&quot;+ input_row.Mailtobeskipped);
	}
} else {
	mySendMail.setPostausgang_host(context.SMTPHost);
	mySendMail.setBenutzerName(context.SmtpUser);
	mySendMail.setPassword(context.SmtpPassword);
	mySendMail.setstarttls(true);
	mySendMail.doConnect();
	// Zusammenstellen der Mail
	mySendMail.setmailfrom(context.SmtpUser);
	mySendMail.setmailto(input_row.MailFrom);
	mySendMail.setSubject(input_row.MailSubject);
	MsgText=&quot;Hallo\n&quot;;
	MsgText=MsgText+&quot;\n&quot;;
	MsgText=MsgText+&quot;Das ist der automatische Mailer-D&#228;mon auf &quot;+context.ImapHost+&quot;.\n&quot;;
	MsgText=MsgText+&quot;\n&quot;;
	MsgText=MsgText+&quot;Wiederholte Nachrichten innerhalb von &quot;+context.Purge_time_Minutes+&quot; Minute(n) werden ignoriert.\n&quot;;
	MsgText=MsgText+&quot;Sie haben bereits &quot;+row8.MailNo+&quot; Emails an mich gesandt.\n&quot;;
	MsgText=MsgText+&quot;\n&quot;;
	MsgText=MsgText+&quot;Ihre Email-Daten finden Sie im Attachment.\n&quot;;
	MsgText=MsgText+&quot;\n&quot;;
	MsgText=MsgText+&quot;Viel Spa&#223;\n&quot;;
	mySendMail.setmailmessage(MsgText);
	mySendMail.setfilename(input_row.MailFile);
	mySendMail.doSendMail();
	mySendMail.doDisConnect();
}
}"/>
          <column name="Importiere" value="//import java.util.List;"/>
          <column name="Bezeichnungsformat" value="__UNIQUE_NAME__"/>
          <column name="Hinweisformat" value="&lt;b&gt;__UNIQUE_NAME__&lt;/b&gt;&lt;br&gt;__COMMENT__"/>
          <column name="Verbindungsformat" value="row"/>
          <column name="Informationen anzeigen" value="false"/>
          <column name="Kommentar" value=""/>
          <column name="Use an existing validation rule" value="false"/>
          <column name="Validation Rule Type" value=""/>
        </parameters>
        <schemas>
          <schema name="Lookup">
            <column name="MailFrom" key="true" type="String" length="" precision="" nullable="true" comment=""/>
            <column name="MailDate" key="false" type="java.util.Date" length="" precision="" nullable="true" comment=""/>
            <column name="MailSubject" key="false" type="String" length="" precision="" nullable="true" comment=""/>
            <column name="MailFile" key="false" type="String" length="" precision="" nullable="true" comment=""/>
            <column name="MailDateLastTime" key="false" type="java.util.Date" length="" precision="" nullable="true" comment=""/>
            <column name="MailNo" key="false" type="Integer" length="" precision="" nullable="true" comment=""/>
            <column name="MailDateCompare" key="false" type="java.util.Date" length="" precision="" nullable="true" comment=""/>
            <column name="Mailtobeskipped" key="false" type="Boolean" length="" precision="" nullable="true" comment=""/>
          </schema>
        </schemas>
      </component>
      <component icon="pictures/tJava_1.png" uniqueName="tJava_1" label="__UNIQUE_NAME__">
        <input link="tLibraryLoad_1">tLibraryLoad_1</input>
        <output link="tFileExist_1">tFileExist_1</output>
        <componentType>tJava</componentType>
        <parameters>
          <column name="Eindeutiger Name" value="tJava_1"/>
          <column name="Komponentenname" value="tJava"/>
          <column name="Version" value="0.101 (ALPHA)"/>
          <column name="Familie" value="Custom_Code"/>
          <column name="Start" value="false"/>
          <column name="Ausf&#252;hrbar" value="true"/>
          <column name="SUBTREE_START" value="true"/>
          <column name="END_OF_FLOW" value="true"/>
          <column name="Aktivieren" value="true"/>
          <column name="DUMMY" value="false"/>
          <column name="tStatCatcher Statistik" value="false"/>
          <column name="Hilfe" value="org.talend.help.tJava"/>
          <column name="Update components" value="true"/>
          <column name="IREPORT_PATH" value=""/>
          <column name="JAVA_LIBRARY_PATH" value="/home/alfred/TOS_DI-20201208_1239-V7.4.1M5/configuration/lib/java"/>
          <column name="Subjob Farbe:" value=""/>
          <column name="&#220;berschriftsfarbe" value=""/>
          <column name="Code" value="// Richtige Werte f&#252;r den Homepath und das Temporary Verzeichnis
context.SQLLite = System.getProperty(&quot;user.home&quot;)+&quot;/&quot;+context.SQLLite;
context.TempDir = System.getProperty(&quot;java.io.tmpdir&quot;)+System.getProperty(&quot;user.home&quot;);
String processName = java.lang.management.ManagementFactory.getRuntimeMXBean().getName();
context.pid = processName.split(&quot;@&quot;)[0];
if (context.DoDebug) { // Show the context values
	SimpleDateFormat sdf = new SimpleDateFormat(&quot;yyyy.MM.dd.HH.mm.ss&quot;);
	Timestamp timestamp = new Timestamp(System.currentTimeMillis());
	System.out.println(sdf.format(timestamp));
	System.out.println(&quot;***************************************************************************************************&quot;);
	System.out.println(&quot;* $Date: 2021-03-14 09:24:50 +0100 (So, 14. M&#228;r 2021) $&quot;);
	System.out.println(&quot;* $Revision: 307 $&quot;);
	System.out.println(&quot;* $Author: alfred $&quot;);
	System.out.println(&quot;* $HeadURL: https://monitoring.slainte.at/svn/slainte/trunk/Talend/EchoMail_Java/tJava_1.Java $&quot;);
	System.out.println(&quot;* $Id: tJava_1.Java 307 2021-03-14 08:24:50Z alfred $&quot;);
	System.out.println(&quot;***************************************************************************************************&quot;);
	System.out.println(&quot;**** Debug ist eingeschalten. Bitte ausschalten ****&quot;);
	System.out.println(&quot;OS Name           :&quot;+System.getProperty(&quot;os.name&quot;));
	System.out.println(&quot;OS Version        :&quot;+System.getProperty(&quot;os.version&quot;));
	System.out.println(&quot;ImapUser          :&quot;+context.ImapUser);
	System.out.println(&quot;ImapPassword      :&quot;+context.ImapPassword);
	System.out.println(&quot;ImapHost          :&quot;+context.ImapHost);
	System.out.println(&quot;ImapPort          :&quot;+context.ImapPort);
	System.out.println(&quot;SmtpUser          :&quot;+context.SmtpUser);
	System.out.println(&quot;SmtpPassword      :&quot;+context.SmtpPassword);
	System.out.println(&quot;SMTPHost          :&quot;+context.SMTPHost);
	System.out.println(&quot;SMTPPort          :&quot;+context.SMTPPort);
	System.out.println(&quot;Purge_time_Minutes:&quot;+context.Purge_time_Minutes);
	System.out.println(&quot;SQLLite           :&quot;+context.SQLLite);
	System.out.println(&quot;SQLLite_Table     :&quot;+context.SQLLite_Table);
	System.out.println(&quot;TempDir           :&quot;+context.TempDir);
	System.out.println(&quot;Pid               :&quot;+context.pid);
	System.out.println(&quot;***************************************************&quot;);
	System.out.println(sdf.format(timestamp));
}"/>
          <column name="Importiere" value="import java.sql.Timestamp;
import java.text.SimpleDateFormat;
import java.util.Date;"/>
          <column name="Schema" value="Built-In"/>
          <column name="Bezeichnungsformat" value="__UNIQUE_NAME__"/>
          <column name="Hinweisformat" value="&lt;b&gt;__UNIQUE_NAME__&lt;/b&gt;&lt;br&gt;__COMMENT__"/>
          <column name="Verbindungsformat" value="row"/>
          <column name="Informationen anzeigen" value="false"/>
          <column name="Kommentar" value=""/>
          <column name="Use an existing validation rule" value="false"/>
          <column name="Validation Rule Type" value=""/>
        </parameters>
        <schemas>
          <schema name="tJava_1"/>
        </schemas>
      </component>
      <component icon="pictures/tJava_2.png" uniqueName="tJava_2" label="__UNIQUE_NAME__">
        <input link="tCreateTemporaryFile_1">tCreateTemporaryFile_1</input>
        <output link="tDBConnection_1">tDBConnection_1</output>
        <componentType>tJava</componentType>
        <parameters>
          <column name="Eindeutiger Name" value="tJava_2"/>
          <column name="Komponentenname" value="tJava"/>
          <column name="Version" value="0.101 (ALPHA)"/>
          <column name="Familie" value="Custom_Code"/>
          <column name="Start" value="false"/>
          <column name="Ausf&#252;hrbar" value="true"/>
          <column name="SUBTREE_START" value="true"/>
          <column name="END_OF_FLOW" value="true"/>
          <column name="Aktivieren" value="true"/>
          <column name="DUMMY" value="false"/>
          <column name="tStatCatcher Statistik" value="false"/>
          <column name="Hilfe" value="org.talend.help.tJava"/>
          <column name="Update components" value="true"/>
          <column name="IREPORT_PATH" value=""/>
          <column name="JAVA_LIBRARY_PATH" value="/home/alfred/TOS_DI-20201208_1239-V7.4.1M5/configuration/lib/java"/>
          <column name="Subjob Farbe:" value=""/>
          <column name="&#220;berschriftsfarbe" value=""/>
          <column name="Code" value="// Schreiben der PID in das File
//***************************************************************************************************
//* $Date: 2021-03-14 09:24:41 +0100 (So, 14. M&#228;r 2021) $
//* $Revision: 306 $
//* $Author: alfred $
//* $HeadURL: https://monitoring.slainte.at/svn/slainte/trunk/Talend/EchoMail_Java/tJava_2.Java $
//* $Id: tJava_2.Java 306 2021-03-14 08:24:41Z alfred $
//***************************************************************************************************
        BufferedWriter writer = null;
        try  {
            writer = new BufferedWriter( new FileWriter( context.TempDir+&quot;/&quot;+context.SQLLite_Table+&quot;.lock&quot;,true));
            writer.write(context.pid);
        } catch ( IOException e)
        {
            e.printStackTrace();
        }
        try
        {
            if ( writer != null)
                writer.close( );
        }
        catch ( IOException e)
        {
            e.printStackTrace();
        }
"/>
          <column name="Importiere" value=""/>
          <column name="Schema" value="Built-In"/>
          <column name="Bezeichnungsformat" value="__UNIQUE_NAME__"/>
          <column name="Hinweisformat" value="&lt;b&gt;__UNIQUE_NAME__&lt;/b&gt;&lt;br&gt;__COMMENT__"/>
          <column name="Verbindungsformat" value="row"/>
          <column name="Informationen anzeigen" value="false"/>
          <column name="Kommentar" value=""/>
          <column name="Use an existing validation rule" value="false"/>
          <column name="Validation Rule Type" value=""/>
        </parameters>
        <schemas>
          <schema name="tJava_2"/>
        </schemas>
      </component>
      <component icon="pictures/tLibraryLoad_1.png" uniqueName="tLibraryLoad_1" label="__UNIQUE_NAME__">
        <input>none</input>
        <output link="tJava_1">tJava_1</output>
        <componentType>tLibraryLoad</componentType>
        <parameters>
          <column name="Eindeutiger Name" value="tLibraryLoad_1"/>
          <column name="Komponentenname" value="tLibraryLoad"/>
          <column name="Version" value="0.102 (ALPHA)"/>
          <column name="Familie" value="Custom_Code"/>
          <column name="Start" value="true"/>
          <column name="Ausf&#252;hrbar" value="true"/>
          <column name="SUBTREE_START" value="true"/>
          <column name="END_OF_FLOW" value="true"/>
          <column name="Aktivieren" value="true"/>
          <column name="DUMMY" value="false"/>
          <column name="tStatCatcher Statistik" value="false"/>
          <column name="Hilfe" value="org.talend.help.tLibraryLoad"/>
          <column name="Update components" value="true"/>
          <column name="IREPORT_PATH" value=""/>
          <column name="JAVA_LIBRARY_PATH" value="/home/alfred/TOS_DI-20201208_1239-V7.4.1M5/configuration/lib/java"/>
          <column name="Subjob Farbe:" value=""/>
          <column name="&#220;berschriftsfarbe" value=""/>
          <column name="Bibliothek" value="&quot;mvn:com.sun.activation/javax.activation/1.2.0/jar&quot;"/>
          <column name="Dynamics Libs " value="[]"/>
          <column name="Importiere" value="//import java.util.List;
import mail.slainte.*;
import java.io.*;"/>
          <column name="Bezeichnungsformat" value="__UNIQUE_NAME__"/>
          <column name="Hinweisformat" value="&lt;b&gt;__UNIQUE_NAME__&lt;/b&gt;&lt;br&gt;__COMMENT__"/>
          <column name="Verbindungsformat" value="row"/>
          <column name="Informationen anzeigen" value="false"/>
          <column name="Kommentar" value=""/>
          <column name="Use an existing validation rule" value="false"/>
          <column name="Validation Rule Type" value=""/>
        </parameters>
      </component>
    </internalNodeComponents>
    <externalNodeComponents>
      <component icon="pictures/tMap_1.png" uniqueName="tMap_1" label="__UNIQUE_NAME__">
        <input link="tLogRow_1">tLogRow_1</input>
        <input link="tDBInput_1">tDBInput_1</input>
        <output link="tLogRow_2">tLogRow_2</output>
        <componentType>tMap</componentType>
        <!--tMap_1-->
      </component>
    </externalNodeComponents>
    <connections>
      <connection label="OnComponentOk" lineStyle="3" metaname="tJava_1" offsetLabelX="0" offsetLabelY="0" source="tJava_1" target="tFileExist_1"/>
      <connection label="OnComponentOk" lineStyle="3" metaname="tDBConnection_1" offsetLabelX="0" offsetLabelY="0" source="tDBConnection_1" target="tCreateTable_1"/>
      <connection label="OnComponentError" lineStyle="5" metaname="tDBConnection_1" offsetLabelX="0" offsetLabelY="0" source="tDBConnection_1" target="tDie_2"/>
      <connection label="OnComponentError" lineStyle="5" metaname="tCreateTable_1" offsetLabelX="0" offsetLabelY="0" source="tCreateTable_1" target="tDie_3"/>
      <connection label="OnComponentOk" lineStyle="3" metaname="tCreateTable_1" offsetLabelX="0" offsetLabelY="0" source="tCreateTable_1" target="tJavaFlex_1"/>
      <connection label="row1" lineStyle="0" metaname="tJavaFlex_1" offsetLabelX="0" offsetLabelY="0" source="tJavaFlex_1" target="tLogRow_1"/>
      <connection label="OnComponentError" lineStyle="5" metaname="tJavaFlex_1" offsetLabelX="0" offsetLabelY="0" source="tJavaFlex_1" target="tDie_4"/>
      <connection label="row2" lineStyle="0" metaname="tLogRow_1" offsetLabelX="0" offsetLabelY="0" source="tLogRow_1" target="tMap_1"/>
      <connection label="Lookup" lineStyle="0" metaname="Lookup" offsetLabelX="0" offsetLabelY="0" source="tMap_1" target="tLogRow_2"/>
      <connection label="row5" lineStyle="0" metaname="tLogRow_2" offsetLabelX="0" offsetLabelY="0" source="tLogRow_2" target="tJavaRow_1"/>
      <connection label="row3" lineStyle="8" metaname="tDBInput_1" offsetLabelX="0" offsetLabelY="0" source="tDBInput_1" target="tMap_1"/>
      <connection label="row4" lineStyle="0" metaname="tJavaRow_1" offsetLabelX="0" offsetLabelY="0" source="tJavaRow_1" target="tLogRow_3"/>
      <connection label="row6" lineStyle="0" metaname="tLogRow_3" offsetLabelX="0" offsetLabelY="0" source="tLogRow_3" target="tDBOutput_1"/>
      <connection label="row7" lineStyle="0" metaname="tDBOutput_1" offsetLabelX="0" offsetLabelY="0" source="tDBOutput_1" target="tDBCommit_2"/>
      <connection label="OnComponentError" lineStyle="5" metaname="tDBOutput_1" offsetLabelX="0" offsetLabelY="0" source="tDBOutput_1" target="tDie_5"/>
      <connection label="row8" lineStyle="0" metaname="tDBCommit_2" offsetLabelX="0" offsetLabelY="0" source="tDBCommit_2" target="tLogRow_4"/>
      <connection label="row9" lineStyle="0" metaname="tLogRow_4" offsetLabelX="0" offsetLabelY="0" source="tLogRow_4" target="tJavaRow_2"/>
      <connection label="row10" lineStyle="0" metaname="tJavaRow_2" offsetLabelX="0" offsetLabelY="0" source="tJavaRow_2" target="tLogRow_5"/>
      <connection label="OnComponentError" lineStyle="5" metaname="tJavaRow_2" offsetLabelX="0" offsetLabelY="0" source="tJavaRow_2" target="tDie_6"/>
      <connection label="row11" lineStyle="0" metaname="tLogRow_5" offsetLabelX="0" offsetLabelY="0" source="tLogRow_5" target="tFileDelete_1"/>
      <connection label="OnComponentOk" lineStyle="3" metaname="tLibraryLoad_1" offsetLabelX="0" offsetLabelY="0" source="tLibraryLoad_1" target="tJava_1"/>
      <connection label="OnComponentError" lineStyle="5" metaname="tCreateTemporaryFile_1" offsetLabelX="0" offsetLabelY="0" source="tCreateTemporaryFile_1" target="tDie_1"/>
      <connection label="OnComponentOk" lineStyle="3" metaname="tCreateTemporaryFile_1" offsetLabelX="0" offsetLabelY="0" source="tCreateTemporaryFile_1" target="tJava_2"/>
      <connection label="If" lineStyle="6" metaname="tFileExist_1" offsetLabelX="0" offsetLabelY="0" source="tFileExist_1" target="tCreateTemporaryFile_1"/>
      <connection label="If" lineStyle="6" metaname="tFileExist_1" offsetLabelX="0" offsetLabelY="0" source="tFileExist_1" target="tDie_7"/>
      <connection label="OnComponentOk" lineStyle="3" metaname="tJava_2" offsetLabelX="0" offsetLabelY="0" source="tJava_2" target="tDBConnection_1"/>
    </connections>
  </job>
</project>
