<?xml version="1.1" encoding="UTF-8"?>

<externalNode i18n.job.component.parameters="Component Parameters:" i18n.job.properties="Eigenschaften" i18n.job.values="Values" i18n.mapper.table.for="Mapper table for " i18n.mapper.table.properties="Mapper table Properties" i18n.job.name="Name" i18n.tmap.matching.mode="Matching-mode" i18n.mapper.table.isminimized="isMinimized" i18n.tmap.isreject="isReject" i18n.tmap.isrejectinnnerjoin="isRejectInnerJoin" i18n.tmap.isinnerjoin="isInnerJoin" i18n.tmap.expressionfilter="expressionFilter" i18n.mapper.table.metadata.entries="Metadata Table Entries" i18n.job.type="Typ" i18n.mapper.table.expression="Ausdruck" i18n.tmap.isnullable="isNullable" i18n.tmap.constraint.entries="Constraint Table Entries" name="tMap_1" preview="pictures/_zX6BUFHBEeuQAKTJSHWxMA-tMap_1-PREVIEW.bmp">
  <parameters>
    <column name="tStatCatcher Statistik">false</column>
    <column name="Mapping Verbindungen anzeigen als:">AUTO</column>
    <column name="Verzeichnis f&#252;r tempor&#228;re Daten:"></column>
    <column name="Maximale Puffergr&#246;&#223;e (Anzahl Zeilen)">2000000</column>
    <column name="Ignore trailing zeros for BigDecimal">true</column>
    <column name="Informationen anzeigen">false</column>
    <column name="Kommentar"><![CDATA[]]></column>
    <column name="Use an existing validation rule">false</column>
  </parameters>
  <mapperTable type="input">
    <table name="row2" matching-mode="UNIQUE_MATCH" lookup-mode="LOAD_ONCE" isMinimized="false" isReject="false" isRejectInnerJoin="false" isInnerJoin="false" isPersistent="false" expressionFilter="null" activateExpressionFilter="false" activateCondensedTool="false" activateColumnNameFilter="false" columnNameFilter="null">
      <metadataTableEntries>
        <entry name="mailfrom" type="String" expression="" isNullable="true"/>
        <entry name="sentdate" type="java.util.Date" expression="" isNullable="true"/>
        <entry name="subject" type="String" expression="" isNullable="true"/>
        <entry name="mailfile" type="String" expression="" isNullable="true"/>
      </metadataTableEntries>
    </table>
    <table name="row3" matching-mode="UNIQUE_MATCH" lookup-mode="RELOAD" isMinimized="false" isReject="false" isRejectInnerJoin="false" isInnerJoin="false" isPersistent="false" expressionFilter="null" activateExpressionFilter="false" activateCondensedTool="true" activateColumnNameFilter="false" columnNameFilter="null">
      <metadataTableEntries>
        <entry name="MailFrom" type="String" expression="row2.mailfrom " isNullable="false"/>
        <entry name="MailDate" type="java.util.Date" expression="" isNullable="true"/>
        <entry name="MailSubject" type="String" expression="" isNullable="true"/>
        <entry name="MailNo" type="Integer" expression="" isNullable="true"/>
        <entry name="MailDateLastTime" type="java.util.Date" expression="" isNullable="true"/>
        <entry name="MailDateCompare" type="java.util.Date" expression="" isNullable="true"/>
        <entry name="Mailtobeskipped" type="Boolean" expression="" isNullable="true"/>
        <entry name="MailFile" type="String" expression="" isNullable="true"/>
      </metadataTableEntries>
    </table>
  </mapperTable>
  <mapperTable type="output">
    <table name="Lookup" isMinimized="false" isReject="false" isRejectInnerJoin="false" isInnerJoin="false" isPersistent="false" expressionFilter="null" activateExpressionFilter="false" activateCondensedTool="false" activateColumnNameFilter="false" columnNameFilter="null">
      <metadataTableEntries>
        <entry name="MailFrom" type="String" expression="row2.mailfrom " isNullable="true"/>
        <entry name="MailDate" type="java.util.Date" expression="row2.sentdate " isNullable="true"/>
        <entry name="MailSubject" type="String" expression="row2.subject " isNullable="true"/>
        <entry name="MailFile" type="String" expression="row2.mailfile " isNullable="true"/>
        <entry name="MailDateLastTime" type="java.util.Date" expression="row3.MailDate " isNullable="true"/>
        <entry name="MailNo" type="Integer" expression="row3.MailNo " isNullable="true"/>
        <entry name="MailDateCompare" type="java.util.Date" expression="row3.MailDateCompare " isNullable="true"/>
        <entry name="Mailtobeskipped" type="Boolean" expression="false " isNullable="true"/>
      </metadataTableEntries>
    </table>
  </mapperTable>
  <mapperTable type="var">
    <table name="Var" isMinimized="true" isReject="false" isRejectInnerJoin="false" isInnerJoin="false" isPersistent="false" expressionFilter="null" activateExpressionFilter="false" activateCondensedTool="false" activateColumnNameFilter="false" columnNameFilter="null"/>
  </mapperTable>
</externalNode>
