<?xml version="1.1" encoding="UTF-8"?>

<project i18n.job.generated.documetation="Generated documentation" i18n.job.project.name="Projektname" i18n.job.generated.date="GENERATION DATE" i18n.job.author="AUTHOR" i18n.job.summary="Summary" i18n.job.project.description="Projektbeschreibung" i18n.job.job.description="Beschreibung" i18n.job.job.preview.picture="Preview Picture" i18n.job.job.setting="Einstellungen" i18n.job.context.list="Context List" i18n.job.component.list="Komponenten Liste" i18n.job.components.description="Components Description" i18n.job.source.code="Source Code" i18n.job.properties="Eigenschaften" i18n.job.values="Values" i18n.job.name="Name" i18n.job.language="Sprache" i18n.job.description="Beschreibung" i18n.job.author.min="Autor" i18n.job.version="Version" i18n.job.purpose="Verwendungszweck" i18n.job.status="Status" i18n.job.creation="Anlegen" i18n.job.modification="&#196;nderung" i18n.job.extract.settings="Extra settings" i18n.job.value="Wert" i18n.job.stats.logs="Status &amp; Logs" i18n.job.context="Context" i18n.job.promt="Aufforderung" i18n.job.need.promt="Need Prompt?" i18n.job.type="Typ" i18n.job.source="Quelle" i18n.job.component.name="Komponentenname" i18n.job.component.type="Component Type" i18n.job.component="Komponente" i18n.job.unique.name="Eindeutiger Name" i18n.job.input="INPUT(S)" i18n.job.label="Beschriftung" i18n.job.output="OUTPUT(S)" i18n.job.component.parameters="Component Parameters:" i18n.job.schema.for="Schema for " i18n.job.column="Spalte" i18n.job.key="Schl&#252;sselwert" i18n.job.length="L&#228;nge" i18n.job.precision="Genauigkeit" i18n.job.nullable="Null zul&#228;ssig" i18n.job.comment="Kommentar" i18n.job.original.function.parameters="Original Function Parameters:" i18n.job.ended="ended" i18n.job.content="Inhalt" i18n.route.manifest.type="Type" i18n.route.manifest.value="Value" i18n.route.resource.name="Name" i18n.route.resource.version="Version" i18n.route.resource.path="Path" name="Local_Project" logo="pictures/logo.jpg" title="Generated by Talend Open Studio for Data Integration" link="http://www.talend.com" language="java" generatedDate="14.03.2021, 12:08:55" versionName="Talend Open Studio VERSION " version="7.4.1.20201208_1239-M5" docType="Jobs" company="">
  <pro-description><![CDATA[]]></pro-description>
  <job name="SlainteBot_Java" author="user@talend.com" i18n.job.extract.settings.type="i18n.job.extract.settings" i18n.job.stats.logs.type="i18n.job.stats.logs" version="0.2" purpose="Verbindung mit Telegram" status="PROD" creation="03.02.2021, 13:10:43" modification="14.03.2021, 12:08:11">
    <description><![CDATA[Chatbot, der die Telegramgruppe Slainte unterstützt.<br/>]]></description>
    <preview picture="pictures/SlainteBot_Java_0.2.png"/>
    <contextList>
      <context name="Default">
        <contextParameter name="controllerDB" prompt="controllerDB?" promptNeeded="false" type="id_String" value="com.mysql.cj.jdbc.Driver" source="SlainteBot"/>
        <contextParameter name="linkDB" prompt="linkDB?" promptNeeded="false" type="id_String" value="jdbc:mysql://localhost:14306/joomla?useUnicode=true&amp;characterEncoding=UTF-8" source="SlainteBot"/>
        <contextParameter name="userDB" prompt="userDB?" promptNeeded="false" type="id_String" value="joomla" source="SlainteBot"/>
        <contextParameter name="password" prompt="password?" promptNeeded="false" type="id_Password" value="********************" source="SlainteBot"/>
        <contextParameter name="TempDir" prompt="TempDir?" promptNeeded="false" type="id_String" value="/tmp" source="SlainteBot"/>
        <contextParameter name="DoDebug" prompt="DoDebug?" promptNeeded="false" type="id_Boolean" value="true" source="SlainteBot"/>
        <contextParameter name="BotCommando" prompt="BotCommando?" promptNeeded="false" type="id_String" value="/home/slainte/SlainteBot.sh" source="SlainteBot"/>
        <contextParameter name="pid" prompt="pid?" promptNeeded="false" type="id_String" value="0"/>
      </context>
    </contextList>
    <jobSetting>
      <extra>
        <jobParameter name="COMP_DEFAULT_FILE_DIR" value=""/>
        <jobParameter name="Multi-Thread Ausf&#252;hrung" value="false"/>
        <jobParameter name="Implizites tContextLoad" value="false"/>
      </extra>
      <Statslogs>
        <jobParameter name="Verwende Statistiken (tStatCatcher)" value="false"/>
        <jobParameter name="Verwende Logs (tLogCatcher)" value="false"/>
        <jobParameter name="Use volumetrics (tFlowMeterCatcher)" value="false"/>
        <jobParameter name="Auf Konsole" value="false"/>
        <jobParameter name="In Datei" value="false"/>
        <jobParameter name="In Datenbank" value="false"/>
        <jobParameter name="Komponenten-Statistik erfassen" value="false"/>
        <jobParameter name="Runtime Fehler abfangen" value="true"/>
        <jobParameter name="Benutzer Fehler abfangen" value="true"/>
        <jobParameter name="Benutzerwarnungen abfangen" value="true"/>
      </Statslogs>
    </jobSetting>
    <componentList>
      <componentItem name="tCreateTemporaryFile_1" link="tCreateTemporaryFile_1" type="tCreateTemporaryFile" leftTopX="384" leftTopY="96" rightBottomX="416" rightBottomY="128"/>
      <componentItem name="tDie_1" link="tDie_1" type="tDie" leftTopX="384" leftTopY="192" rightBottomX="416" rightBottomY="224"/>
      <componentItem name="tDie_2" link="tDie_2" type="tDie" leftTopX="704" leftTopY="96" rightBottomX="736" rightBottomY="128"/>
      <componentItem name="tDie_4" link="tDie_4" type="tDie" leftTopX="576" leftTopY="192" rightBottomX="608" rightBottomY="224"/>
      <componentItem name="tDie_7" link="tDie_7" type="tDie" leftTopX="192" leftTopY="192" rightBottomX="224" rightBottomY="224"/>
      <componentItem name="tFileExist_1" link="tFileExist_1" type="tFileExist" leftTopX="192" leftTopY="96" rightBottomX="224" rightBottomY="128"/>
      <componentItem name="tJava_1" link="tJava_1" type="tJava" leftTopX="32" leftTopY="96" rightBottomX="64" rightBottomY="128"/>
      <componentItem name="tJava_2" link="tJava_2" type="tJava" leftTopX="576" leftTopY="96" rightBottomX="608" rightBottomY="128"/>
    </componentList>
    <internalNodeComponents>
      <component icon="pictures/tCreateTemporaryFile_1.png" uniqueName="tCreateTemporaryFile_1" label="__UNIQUE_NAME__">
        <input link="tFileExist_1">tFileExist_1</input>
        <output link="tDie_1">tDie_1</output>
        <output link="tJava_2">tJava_2</output>
        <componentType>tCreateTemporaryFile</componentType>
        <parameters>
          <column name="Eindeutiger Name" value="tCreateTemporaryFile_1"/>
          <column name="Komponentenname" value="tCreateTemporaryFile"/>
          <column name="Version" value="0.102 (ALPHA)"/>
          <column name="Familie" value="File/Management"/>
          <column name="Start" value="false"/>
          <column name="Ausf&#252;hrbar" value="true"/>
          <column name="SUBTREE_START" value="true"/>
          <column name="END_OF_FLOW" value="true"/>
          <column name="Aktivieren" value="true"/>
          <column name="DUMMY" value="false"/>
          <column name="tStatCatcher Statistik" value="false"/>
          <column name="Hilfe" value="org.talend.help.tCreateTemporaryFile"/>
          <column name="Update components" value="true"/>
          <column name="IREPORT_PATH" value=""/>
          <column name="JAVA_LIBRARY_PATH" value="/home/alfred/TOS_DI-20201208_1239-V7.4.1M5/configuration/lib/java"/>
          <column name="Subjob Farbe:" value=""/>
          <column name="&#220;berschriftsfarbe" value=""/>
          <column name="L&#246;sche Datei wenn Ausf&#252;hrung beendet" value="true"/>
          <column name="Use default system temporary directory " value="false"/>
          <column name="Verzeichnis" value="context.TempDir"/>
          <column name="Use Prefix" value="false"/>
          <column name="Vorlage" value="&quot;SlainteBot&quot;"/>
          <column name="Prefix" value="context.SQLLite_Table"/>
          <column name="Suffix" value="&quot;lock&quot;"/>
          <column name="Bezeichnungsformat" value="__UNIQUE_NAME__"/>
          <column name="Hinweisformat" value="&lt;b&gt;__UNIQUE_NAME__&lt;/b&gt;&lt;br&gt;__COMMENT__"/>
          <column name="Verbindungsformat" value="row"/>
          <column name="Informationen anzeigen" value="false"/>
          <column name="Kommentar" value=""/>
          <column name="Use an existing validation rule" value="false"/>
          <column name="Validation Rule Type" value=""/>
        </parameters>
      </component>
      <component icon="pictures/tDie_1.png" uniqueName="tDie_1" label="__UNIQUE_NAME__">
        <input link="tCreateTemporaryFile_1">tCreateTemporaryFile_1</input>
        <output>none</output>
        <componentType>tDie</componentType>
        <parameters>
          <column name="Eindeutiger Name" value="tDie_1"/>
          <column name="Komponentenname" value="tDie"/>
          <column name="Version" value="0.102 (ALPHA)"/>
          <column name="Familie" value="Logs_Errors"/>
          <column name="Start" value="false"/>
          <column name="Ausf&#252;hrbar" value="true"/>
          <column name="SUBTREE_START" value="true"/>
          <column name="END_OF_FLOW" value="true"/>
          <column name="Aktivieren" value="true"/>
          <column name="DUMMY" value="false"/>
          <column name="tStatCatcher Statistik" value="false"/>
          <column name="Hilfe" value="org.talend.help.tDie"/>
          <column name="Update components" value="true"/>
          <column name="IREPORT_PATH" value=""/>
          <column name="JAVA_LIBRARY_PATH" value="/home/alfred/TOS_DI-20201208_1239-V7.4.1M5/configuration/lib/java"/>
          <column name="Subjob Farbe:" value=""/>
          <column name="&#220;berschriftsfarbe" value=""/>
          <column name="Beenden Nachricht" value="context.TempDir+&quot;/SlainteBot.lock kann nicht erzeugt werden!&quot;"/>
          <column name="Error Code" value="1"/>
          <column name="Priorit&#228;t" value="6"/>
          <column name="JVM sofort beenden" value="false"/>
          <column name="Schema" value="Built-In"/>
          <column name="Bezeichnungsformat" value="__UNIQUE_NAME__"/>
          <column name="Hinweisformat" value="&lt;b&gt;__UNIQUE_NAME__&lt;/b&gt;&lt;br&gt;__COMMENT__"/>
          <column name="Verbindungsformat" value="row"/>
          <column name="Informationen anzeigen" value="false"/>
          <column name="Kommentar" value=""/>
          <column name="Use an existing validation rule" value="false"/>
          <column name="Validation Rule Type" value=""/>
        </parameters>
        <schemas>
          <schema name="tDie_1"/>
        </schemas>
      </component>
      <component icon="pictures/tDie_2.png" uniqueName="tDie_2" label="__UNIQUE_NAME__">
        <input link="tJava_2">tJava_2</input>
        <output>none</output>
        <componentType>tDie</componentType>
        <parameters>
          <column name="Eindeutiger Name" value="tDie_2"/>
          <column name="Komponentenname" value="tDie"/>
          <column name="Version" value="0.102 (ALPHA)"/>
          <column name="Familie" value="Logs_Errors"/>
          <column name="Start" value="false"/>
          <column name="Ausf&#252;hrbar" value="true"/>
          <column name="SUBTREE_START" value="true"/>
          <column name="END_OF_FLOW" value="true"/>
          <column name="Aktivieren" value="true"/>
          <column name="DUMMY" value="false"/>
          <column name="tStatCatcher Statistik" value="false"/>
          <column name="Hilfe" value="org.talend.help.tDie"/>
          <column name="Update components" value="true"/>
          <column name="IREPORT_PATH" value=""/>
          <column name="JAVA_LIBRARY_PATH" value="/home/alfred/TOS_DI-20201208_1239-V7.4.1M5/configuration/lib/java"/>
          <column name="Subjob Farbe:" value=""/>
          <column name="&#220;berschriftsfarbe" value=""/>
          <column name="Beenden Nachricht" value="&quot;Bot beendet!&quot;"/>
          <column name="Error Code" value="0"/>
          <column name="Priorit&#228;t" value="3"/>
          <column name="JVM sofort beenden" value="false"/>
          <column name="Schema" value="Built-In"/>
          <column name="Bezeichnungsformat" value="__UNIQUE_NAME__"/>
          <column name="Hinweisformat" value="&lt;b&gt;__UNIQUE_NAME__&lt;/b&gt;&lt;br&gt;__COMMENT__"/>
          <column name="Verbindungsformat" value="row"/>
          <column name="Informationen anzeigen" value="false"/>
          <column name="Kommentar" value=""/>
          <column name="Use an existing validation rule" value="false"/>
          <column name="Validation Rule Type" value=""/>
        </parameters>
        <schemas>
          <schema name="tDie_2"/>
        </schemas>
      </component>
      <component icon="pictures/tDie_4.png" uniqueName="tDie_4" label="__UNIQUE_NAME__">
        <input link="tJava_2">tJava_2</input>
        <output>none</output>
        <componentType>tDie</componentType>
        <parameters>
          <column name="Eindeutiger Name" value="tDie_4"/>
          <column name="Komponentenname" value="tDie"/>
          <column name="Version" value="0.102 (ALPHA)"/>
          <column name="Familie" value="Logs_Errors"/>
          <column name="Start" value="false"/>
          <column name="Ausf&#252;hrbar" value="true"/>
          <column name="SUBTREE_START" value="true"/>
          <column name="END_OF_FLOW" value="true"/>
          <column name="Aktivieren" value="true"/>
          <column name="DUMMY" value="false"/>
          <column name="tStatCatcher Statistik" value="false"/>
          <column name="Hilfe" value="org.talend.help.tDie"/>
          <column name="Update components" value="true"/>
          <column name="IREPORT_PATH" value=""/>
          <column name="JAVA_LIBRARY_PATH" value="/home/alfred/TOS_DI-20201208_1239-V7.4.1M5/configuration/lib/java"/>
          <column name="Subjob Farbe:" value=""/>
          <column name="&#220;berschriftsfarbe" value=""/>
          <column name="Beenden Nachricht" value="&quot;Fehler beim Starten des Bot&quot;"/>
          <column name="Error Code" value="4"/>
          <column name="Priorit&#228;t" value="6"/>
          <column name="JVM sofort beenden" value="false"/>
          <column name="Schema" value="Built-In"/>
          <column name="Bezeichnungsformat" value="__UNIQUE_NAME__"/>
          <column name="Hinweisformat" value="&lt;b&gt;__UNIQUE_NAME__&lt;/b&gt;&lt;br&gt;__COMMENT__"/>
          <column name="Verbindungsformat" value="row"/>
          <column name="Informationen anzeigen" value="false"/>
          <column name="Kommentar" value=""/>
          <column name="Use an existing validation rule" value="false"/>
          <column name="Validation Rule Type" value=""/>
        </parameters>
        <schemas>
          <schema name="tDie_4"/>
        </schemas>
      </component>
      <component icon="pictures/tDie_7.png" uniqueName="tDie_7" label="__UNIQUE_NAME__">
        <input link="tFileExist_1">tFileExist_1</input>
        <output>none</output>
        <componentType>tDie</componentType>
        <parameters>
          <column name="Eindeutiger Name" value="tDie_7"/>
          <column name="Komponentenname" value="tDie"/>
          <column name="Version" value="0.102 (ALPHA)"/>
          <column name="Familie" value="Logs_Errors"/>
          <column name="Start" value="false"/>
          <column name="Ausf&#252;hrbar" value="true"/>
          <column name="SUBTREE_START" value="true"/>
          <column name="END_OF_FLOW" value="true"/>
          <column name="Aktivieren" value="true"/>
          <column name="DUMMY" value="false"/>
          <column name="tStatCatcher Statistik" value="false"/>
          <column name="Hilfe" value="org.talend.help.tDie"/>
          <column name="Update components" value="true"/>
          <column name="IREPORT_PATH" value=""/>
          <column name="JAVA_LIBRARY_PATH" value="/home/alfred/TOS_DI-20201208_1239-V7.4.1M5/configuration/lib/java"/>
          <column name="Subjob Farbe:" value=""/>
          <column name="&#220;berschriftsfarbe" value=""/>
          <column name="Beenden Nachricht" value="context.TempDir+&quot;/SlainteBot.lock&quot;+&quot; existiert bereits -&gt; ein anderer Prozess l&#228;uft!&quot;"/>
          <column name="Error Code" value="99"/>
          <column name="Priorit&#228;t" value="3"/>
          <column name="JVM sofort beenden" value="true"/>
          <column name="Schema" value="Built-In"/>
          <column name="Bezeichnungsformat" value="__UNIQUE_NAME__"/>
          <column name="Hinweisformat" value="&lt;b&gt;__UNIQUE_NAME__&lt;/b&gt;&lt;br&gt;__COMMENT__"/>
          <column name="Verbindungsformat" value="row"/>
          <column name="Informationen anzeigen" value="false"/>
          <column name="Kommentar" value=""/>
          <column name="Use an existing validation rule" value="false"/>
          <column name="Validation Rule Type" value=""/>
        </parameters>
        <schemas>
          <schema name="tDie_7"/>
        </schemas>
      </component>
      <component icon="pictures/tFileExist_1.png" uniqueName="tFileExist_1" label="__UNIQUE_NAME__">
        <input link="tJava_1">tJava_1</input>
        <output link="tCreateTemporaryFile_1">tCreateTemporaryFile_1</output>
        <output link="tDie_7">tDie_7</output>
        <componentType>tFileExist</componentType>
        <parameters>
          <column name="Eindeutiger Name" value="tFileExist_1"/>
          <column name="Komponentenname" value="tFileExist"/>
          <column name="Version" value="0.101 (ALPHA)"/>
          <column name="Familie" value="File/Management"/>
          <column name="Start" value="false"/>
          <column name="Ausf&#252;hrbar" value="true"/>
          <column name="SUBTREE_START" value="true"/>
          <column name="END_OF_FLOW" value="true"/>
          <column name="Aktivieren" value="true"/>
          <column name="DUMMY" value="false"/>
          <column name="tStatCatcher Statistik" value="false"/>
          <column name="Hilfe" value="org.talend.help.tFileExist"/>
          <column name="Update components" value="true"/>
          <column name="IREPORT_PATH" value=""/>
          <column name="JAVA_LIBRARY_PATH" value="/home/alfred/TOS_DI-20201208_1239-V7.4.1M5/configuration/lib/java"/>
          <column name="Subjob Farbe:" value=""/>
          <column name="&#220;berschriftsfarbe" value=""/>
          <column name="Dateiname" value="context.TempDir+&quot;/SlainteBot.lock&quot;"/>
          <column name="Bezeichnungsformat" value="__UNIQUE_NAME__"/>
          <column name="Hinweisformat" value="&lt;b&gt;__UNIQUE_NAME__&lt;/b&gt;&lt;br&gt;__COMMENT__"/>
          <column name="Verbindungsformat" value="row"/>
          <column name="Informationen anzeigen" value="false"/>
          <column name="Kommentar" value=""/>
          <column name="Use an existing validation rule" value="false"/>
          <column name="Validation Rule Type" value=""/>
        </parameters>
      </component>
      <component icon="pictures/tJava_1.png" uniqueName="tJava_1" label="__UNIQUE_NAME__">
        <input>none</input>
        <output link="tFileExist_1">tFileExist_1</output>
        <componentType>tJava</componentType>
        <parameters>
          <column name="Eindeutiger Name" value="tJava_1"/>
          <column name="Komponentenname" value="tJava"/>
          <column name="Version" value="0.101 (ALPHA)"/>
          <column name="Familie" value="Custom_Code"/>
          <column name="Start" value="true"/>
          <column name="Ausf&#252;hrbar" value="true"/>
          <column name="SUBTREE_START" value="true"/>
          <column name="END_OF_FLOW" value="true"/>
          <column name="Aktivieren" value="true"/>
          <column name="DUMMY" value="false"/>
          <column name="tStatCatcher Statistik" value="false"/>
          <column name="Hilfe" value="org.talend.help.tJava"/>
          <column name="Update components" value="true"/>
          <column name="IREPORT_PATH" value=""/>
          <column name="JAVA_LIBRARY_PATH" value="/home/alfred/TOS_DI-20201208_1239-V7.4.1M5/configuration/lib/java"/>
          <column name="Subjob Farbe:" value=""/>
          <column name="&#220;berschriftsfarbe" value=""/>
          <column name="Code" value="// Richtige Werte f&#252;r das Temporary Verzeichnis
context.TempDir = System.getProperty(&quot;java.io.tmpdir&quot;)+System.getProperty(&quot;user.home&quot;);
String processName = java.lang.management.ManagementFactory.getRuntimeMXBean().getName();
context.pid = processName.split(&quot;@&quot;)[0];
if (context.DoDebug) { // Show the context values
	SimpleDateFormat sdf = new SimpleDateFormat(&quot;yyyy.MM.dd.HH.mm.ss&quot;);
	Timestamp timestamp = new Timestamp(System.currentTimeMillis());
	System.out.println(sdf.format(timestamp));
	System.out.println(&quot;***************************************************************************************************&quot;);
	System.out.println(&quot;* $Date: 2021-03-14 11:56:57 +0100 (So, 14. M&#228;r 2021) $&quot;);
	System.out.println(&quot;* $Revision: 311 $&quot;);
	System.out.println(&quot;* $Author: alfred $&quot;);
	System.out.println(&quot;* $HeadURL: https://monitoring.slainte.at/svn/slainte/trunk/Talend/SlainteBot_Java/tJava_1.java $&quot;);
	System.out.println(&quot;* $Id: tJava_1.java 311 2021-03-14 10:56:57Z alfred $&quot;);
	System.out.println(&quot;***************************************************************************************************&quot;);
	System.out.println(&quot;**** Debug ist eingeschalten. Bitte ausschalten ****&quot;);
	System.out.println(&quot;OS Name           :&quot;+System.getProperty(&quot;os.name&quot;));
	System.out.println(&quot;OS Version        :&quot;+System.getProperty(&quot;os.version&quot;));
	System.out.println(&quot;controllerDB      :&quot;+context.controllerDB);
	System.out.println(&quot;linkDB            :&quot;+context.linkDB);
	System.out.println(&quot;userDB            :&quot;+context.userDB);
	System.out.println(&quot;password          :&quot;+context.password );
	System.out.println(&quot;TempDir           :&quot;+context.TempDir);
	System.out.println(&quot;BotCommand        :&quot;+context.BotCommando);
	System.out.println(&quot;Pid               :&quot;+context.pid);
	System.out.println(&quot;***************************************************&quot;);
	System.out.println(sdf.format(timestamp));
}"/>
          <column name="Importiere" value="import java.sql.Timestamp;
import java.text.SimpleDateFormat;
import java.util.Date;"/>
          <column name="Schema" value="Built-In"/>
          <column name="Bezeichnungsformat" value="__UNIQUE_NAME__"/>
          <column name="Hinweisformat" value="&lt;b&gt;__UNIQUE_NAME__&lt;/b&gt;&lt;br&gt;__COMMENT__"/>
          <column name="Verbindungsformat" value="row"/>
          <column name="Informationen anzeigen" value="false"/>
          <column name="Kommentar" value=""/>
          <column name="Use an existing validation rule" value="false"/>
          <column name="Validation Rule Type" value=""/>
        </parameters>
        <schemas>
          <schema name="tJava_1"/>
        </schemas>
      </component>
      <component icon="pictures/tJava_2.png" uniqueName="tJava_2" label="__UNIQUE_NAME__">
        <input link="tCreateTemporaryFile_1">tCreateTemporaryFile_1</input>
        <output link="tDie_4">tDie_4</output>
        <output link="tDie_2">tDie_2</output>
        <componentType>tJava</componentType>
        <parameters>
          <column name="Eindeutiger Name" value="tJava_2"/>
          <column name="Komponentenname" value="tJava"/>
          <column name="Version" value="0.101 (ALPHA)"/>
          <column name="Familie" value="Custom_Code"/>
          <column name="Start" value="false"/>
          <column name="Ausf&#252;hrbar" value="true"/>
          <column name="SUBTREE_START" value="true"/>
          <column name="END_OF_FLOW" value="true"/>
          <column name="Aktivieren" value="true"/>
          <column name="DUMMY" value="false"/>
          <column name="tStatCatcher Statistik" value="false"/>
          <column name="Hilfe" value="org.talend.help.tJava"/>
          <column name="Update components" value="true"/>
          <column name="IREPORT_PATH" value=""/>
          <column name="JAVA_LIBRARY_PATH" value="/home/alfred/TOS_DI-20201208_1239-V7.4.1M5/configuration/lib/java"/>
          <column name="Subjob Farbe:" value=""/>
          <column name="&#220;berschriftsfarbe" value=""/>
          <column name="Code" value="/*
 ***************************************************************************************************
 * $Date: 2021-03-14 12:03:45 +0100 (So, 14. M&#228;r 2021) $
 * $Revision: 312 $
 * $Author: alfred $
 * $HeadURL: https://monitoring.slainte.at/svn/slainte/trunk/Talend/SlainteBot_Java/tJava_2.java $
 * $Id: tJava_2.java 312 2021-03-14 11:03:45Z alfred $
 ***************************************************************************************************
 */

        BufferedWriter writer = null;
        try  {
            writer = new BufferedWriter( new FileWriter( context.TempDir+&quot;/SlainteBot.lock&quot;,true));
            writer.write(context.pid);
        } catch ( IOException e)
        {
            e.printStackTrace();
        }
        try
        {
            if ( writer != null)
                writer.close( );
        }
        catch ( IOException e)
        {
            e.printStackTrace();
        }
/*
 *
 * Starten des TelegramBots
 *
 */
 {
       // final String PATH = &quot;/home/alfred/svn/trunk/Java/SlainteBot/SlainteBot.sh&quot;;
        final String PATH = context.BotCommando;

        if (!new File(PATH).canExecute()) {
            System.out.println(PATH + &quot; kann nicht ausgef\u00FChrt werden!&quot;);
            System.exit(-1);
        }
        String arg = context.controllerDB+&quot; &quot;+context.linkDB+&quot; &quot;+context.userDB+&quot; &quot;+context.password;
        ProcessBuilder builder = new ProcessBuilder(PATH, arg);
        Process process = null;
        try {
            process = builder.start();
            int status = process.waitFor();
            System.out.println(&quot;Exit status: &quot; + status);

            InputStream is = process.getInputStream();
            InputStreamReader isr = new InputStreamReader(is);
            BufferedReader br = new BufferedReader(isr);
            String line;
            while ((line = br.readLine()) != null) {
                System.out.println(line);
            }
            System.out.println(&quot;Programmende&quot;);
        } catch (IOException e) {
            e.printStackTrace();
        } catch (InterruptedException e) {
            e.printStackTrace();
        }
}"/>
          <column name="Importiere" value="//import java.util.List;
import java.io.BufferedReader;
import java.io.File;
import java.io.IOException;
import java.io.InputStream;
import java.io.InputStreamReader;
import java.io.*;"/>
          <column name="Schema" value="Built-In"/>
          <column name="Bezeichnungsformat" value="__UNIQUE_NAME__"/>
          <column name="Hinweisformat" value="&lt;b&gt;__UNIQUE_NAME__&lt;/b&gt;&lt;br&gt;__COMMENT__"/>
          <column name="Verbindungsformat" value="row"/>
          <column name="Informationen anzeigen" value="false"/>
          <column name="Kommentar" value=""/>
          <column name="Use an existing validation rule" value="false"/>
          <column name="Validation Rule Type" value=""/>
        </parameters>
        <schemas>
          <schema name="tJava_2"/>
        </schemas>
      </component>
    </internalNodeComponents>
    <externalNodeComponents/>
    <connections>
      <connection label="OnComponentOk" lineStyle="3" metaname="tJava_1" offsetLabelX="0" offsetLabelY="0" source="tJava_1" target="tFileExist_1"/>
      <connection label="OnComponentError" lineStyle="5" metaname="tCreateTemporaryFile_1" offsetLabelX="0" offsetLabelY="0" source="tCreateTemporaryFile_1" target="tDie_1"/>
      <connection label="OnComponentOk" lineStyle="3" metaname="tCreateTemporaryFile_1" offsetLabelX="0" offsetLabelY="0" source="tCreateTemporaryFile_1" target="tJava_2"/>
      <connection label="If" lineStyle="6" metaname="tFileExist_1" offsetLabelX="0" offsetLabelY="0" source="tFileExist_1" target="tCreateTemporaryFile_1"/>
      <connection label="If" lineStyle="6" metaname="tFileExist_1" offsetLabelX="0" offsetLabelY="0" source="tFileExist_1" target="tDie_7"/>
      <connection label="OnComponentError" lineStyle="5" metaname="tJava_2" offsetLabelX="0" offsetLabelY="0" source="tJava_2" target="tDie_4"/>
      <connection label="OnSubjobOk" lineStyle="1" metaname="tJava_2" offsetLabelX="0" offsetLabelY="0" source="tJava_2" target="tDie_2"/>
    </connections>
  </job>
</project>
