<?xml version="1.1" encoding="UTF-8"?>

<project i18n.job.generated.documetation="Generated documentation" i18n.job.project.name="Projektname" i18n.job.generated.date="GENERATION DATE" i18n.job.author="AUTHOR" i18n.job.summary="Summary" i18n.job.project.description="Projektbeschreibung" i18n.job.job.description="Beschreibung" i18n.job.job.preview.picture="Preview Picture" i18n.job.job.setting="Einstellungen" i18n.job.context.list="Context List" i18n.job.component.list="Komponenten Liste" i18n.job.components.description="Components Description" i18n.job.source.code="Source Code" i18n.job.properties="Eigenschaften" i18n.job.values="Values" i18n.job.name="Name" i18n.job.language="Sprache" i18n.job.description="Beschreibung" i18n.job.author.min="Autor" i18n.job.version="Version" i18n.job.purpose="Verwendungszweck" i18n.job.status="Status" i18n.job.creation="Anlegen" i18n.job.modification="&#196;nderung" i18n.job.extract.settings="Extra settings" i18n.job.value="Wert" i18n.job.stats.logs="Status &amp; Logs" i18n.job.context="Context" i18n.job.promt="Aufforderung" i18n.job.need.promt="Need Prompt?" i18n.job.type="Typ" i18n.job.source="Quelle" i18n.job.component.name="Komponentenname" i18n.job.component.type="Component Type" i18n.job.component="Komponente" i18n.job.unique.name="Eindeutiger Name" i18n.job.input="INPUT(S)" i18n.job.label="Beschriftung" i18n.job.output="OUTPUT(S)" i18n.job.component.parameters="Component Parameters:" i18n.job.schema.for="Schema for " i18n.job.column="Spalte" i18n.job.key="Schl&#252;sselwert" i18n.job.length="L&#228;nge" i18n.job.precision="Genauigkeit" i18n.job.nullable="Null zul&#228;ssig" i18n.job.comment="Kommentar" i18n.job.original.function.parameters="Original Function Parameters:" i18n.job.ended="ended" i18n.job.content="Inhalt" i18n.route.manifest.type="Type" i18n.route.manifest.value="Value" i18n.route.resource.name="Name" i18n.route.resource.version="Version" i18n.route.resource.path="Path" name="Local_Project" logo="pictures/logo.jpg" title="Generated by Talend Open Studio for Data Integration" link="http://www.talend.com" language="java" generatedDate="19.03.2020, 15:10:46" versionName="Talend Open Studio VERSION " version="7.3.1.20200117_1600-M6" docType="Jobs" company="">
  <pro-description><![CDATA[]]></pro-description>
  <job name="EchoMail" author="user@talend.com" i18n.job.extract.settings.type="i18n.job.extract.settings" i18n.job.stats.logs.type="i18n.job.stats.logs" version="0.1" purpose="EchoMailer" status="PROD" creation="07.02.2020, 09:04:21" modification="19.03.2020, 15:10:07">
    <description><![CDATA[Reads Mails and answer them<br/>]]></description>
    <preview picture="pictures/EchoMail_0.1.png"/>
    <contextList>
      <context name="Default">
        <contextParameter name="ImapUser" prompt="ImapUser?" promptNeeded="false" type="id_String" value="test@slainte.at"/>
        <contextParameter name="ImapPassword" prompt="ImapPassword?" promptNeeded="false" type="id_Password" value="**********"/>
        <contextParameter name="ImapHost" prompt="ImapHost?" promptNeeded="false" type="id_String" value="slainte.at"/>
        <contextParameter name="ImapPort" prompt="ImapPort?" promptNeeded="false" type="id_Integer" value="993"/>
        <contextParameter name="SmtpUser" prompt="SmtpUser?" promptNeeded="false" type="id_String" value="test@slainte.at"/>
        <contextParameter name="SmtpPassword" prompt="SmtpPassword?" promptNeeded="false" type="id_Password" value="**********"/>
        <contextParameter name="SMTPHost" prompt="SMTPHost?" promptNeeded="false" type="id_String" value="slainte.at"/>
        <contextParameter name="SMTPPort" prompt="SMTPPort?" promptNeeded="false" type="id_String" value="587"/>
        <contextParameter name="Purge_time_Minutes" prompt="Purge_time_Minutes?" promptNeeded="false" type="id_Integer" value="3"/>
        <contextParameter name="SQLLite" prompt="SQLLite?" promptNeeded="false" type="id_String" value="/home/alfred/echo.sqlite"/>
        <contextParameter name="SQLLite_Table" prompt="SQLLite_Table?" promptNeeded="false" type="id_String" value="EchoMail"/>
        <contextParameter name="TempDir" prompt="TempDir?" promptNeeded="false" type="id_String" value="/tmp/EchoMail"/>
      </context>
      <context name="Slainte_Server">
        <contextParameter name="ImapUser" prompt="ImapUser?" promptNeeded="false" type="id_String" value="echo@slainte.at"/>
        <contextParameter name="ImapPassword" prompt="ImapPassword?" promptNeeded="false" type="id_Password" value="**********"/>
        <contextParameter name="ImapHost" prompt="ImapHost?" promptNeeded="false" type="id_String" value="slainte.at"/>
        <contextParameter name="ImapPort" prompt="ImapPort?" promptNeeded="false" type="id_Integer" value="993"/>
        <contextParameter name="SmtpUser" prompt="SmtpUser?" promptNeeded="false" type="id_String" value="echo@slainte.at"/>
        <contextParameter name="SmtpPassword" prompt="SmtpPassword?" promptNeeded="false" type="id_Password" value="**********"/>
        <contextParameter name="SMTPHost" prompt="SMTPHost?" promptNeeded="false" type="id_String" value="slainte.at"/>
        <contextParameter name="SMTPPort" prompt="SMTPPort?" promptNeeded="false" type="id_String" value="587"/>
        <contextParameter name="Purge_time_Minutes" prompt="Purge_time_Minutes?" promptNeeded="false" type="id_Integer" value="3"/>
        <contextParameter name="SQLLite" prompt="SQLLite?" promptNeeded="false" type="id_String" value="/home/slainte/echo.sqlite"/>
        <contextParameter name="SQLLite_Table" prompt="SQLLite_Table?" promptNeeded="false" type="id_String" value="EchoMail"/>
        <contextParameter name="TempDir" prompt="TempDir?" promptNeeded="false" type="id_String" value="/tmp/EchoMail"/>
      </context>
    </contextList>
    <jobSetting>
      <extra>
        <jobParameter name="COMP_DEFAULT_FILE_DIR" value=""/>
        <jobParameter name="Multi-Thread Ausf&#252;hrung" value="false"/>
        <jobParameter name="Implizites tContextLoad" value="false"/>
      </extra>
      <Statslogs>
        <jobParameter name="Verwende Statistiken (tStatCatcher)" value="false"/>
        <jobParameter name="Verwende Logs (tLogCatcher)" value="false"/>
        <jobParameter name="Use volumetrics (tFlowMeterCatcher)" value="false"/>
        <jobParameter name="Auf Konsole" value="false"/>
        <jobParameter name="In Datei" value="false"/>
        <jobParameter name="In Datenbank" value="false"/>
        <jobParameter name="Komponenten-Statistik erfassen" value="false"/>
        <jobParameter name="Runtime Fehler abfangen" value="true"/>
        <jobParameter name="Benutzer Fehler abfangen" value="true"/>
        <jobParameter name="Benutzerwarnungen abfangen" value="true"/>
      </Statslogs>
    </jobSetting>
    <componentList>
      <componentItem name="tCreateTable_1" link="tCreateTable_1" type="tCreateTable" leftTopX="320" leftTopY="64" rightBottomX="352" rightBottomY="96"/>
      <componentItem name="tDBConnection_1" link="tDBConnection_1" type="tSQLiteConnection" leftTopX="160" leftTopY="64" rightBottomX="192" rightBottomY="96"/>
      <componentItem name="tDBInput_1" link="tDBInput_1" type="tSQLiteInput" leftTopX="736" leftTopY="224" rightBottomX="768" rightBottomY="256"/>
      <componentItem name="tDBOutput_1" link="tDBOutput_1" type="tSQLiteOutput" leftTopX="1088" leftTopY="64" rightBottomX="1120" rightBottomY="96"/>
      <componentItem name="tFileDelete_1" link="tFileDelete_1" type="tFileDelete" leftTopX="608" leftTopY="352" rightBottomX="640" rightBottomY="384"/>
      <componentItem name="tFileInputMail_1" link="tFileInputMail_1" type="tFileInputMail" leftTopX="544" leftTopY="64" rightBottomX="576" rightBottomY="96"/>
      <componentItem name="tFileList_1" link="tFileList_1" type="tFileList" leftTopX="448" leftTopY="352" rightBottomX="480" rightBottomY="384"/>
      <componentItem name="tFileTouch_1" link="tFileTouch_1" type="tFileTouch" leftTopX="32" leftTopY="64" rightBottomX="64" rightBottomY="96"/>
      <componentItem name="tFilterRow_1" link="tFilterRow_1" type="tFilterRow" leftTopX="1280" leftTopY="64" rightBottomX="1312" rightBottomY="96"/>
      <componentItem name="tJavaRow_1" link="tJavaRow_1" type="tJavaRow" leftTopX="832" leftTopY="64" rightBottomX="864" rightBottomY="96"/>
      <componentItem name="tLogRow_4" link="tLogRow_4" type="tLogRow" leftTopX="1312" leftTopY="192" rightBottomX="1344" rightBottomY="224"/>
      <componentItem name="tLogRow_5" link="tLogRow_5" type="tLogRow" leftTopX="1376" leftTopY="64" rightBottomX="1408" rightBottomY="96"/>
      <componentItem name="tMap_1" link="tMap_1" type="tMap" leftTopX="736" leftTopY="64" rightBottomX="768" rightBottomY="96"/>
      <componentItem name="tPOP_1" link="tPOP_1" type="tPOP" leftTopX="448" leftTopY="64" rightBottomX="480" rightBottomY="96"/>
      <componentItem name="tSendMail_1" link="tSendMail_1" type="tSendMail" leftTopX="1504" leftTopY="64" rightBottomX="1536" rightBottomY="96"/>
    </componentList>
    <internalNodeComponents>
      <component icon="pictures/tCreateTable_1.png" uniqueName="tCreateTable_1" label="__UNIQUE_NAME__">
        <input link="tDBConnection_1">tDBConnection_1</input>
        <output link="tPOP_1">tPOP_1</output>
        <componentType>tCreateTable</componentType>
        <parameters>
          <column name="Eindeutiger Name" value="tCreateTable_1"/>
          <column name="Komponentenname" value="tCreateTable"/>
          <column name="Version" value="0.102 (ALPHA)"/>
          <column name="Familie" value="Databases"/>
          <column name="Start" value="false"/>
          <column name="Ausf&#252;hrbar" value="true"/>
          <column name="SUBTREE_START" value="true"/>
          <column name="END_OF_FLOW" value="true"/>
          <column name="Aktivieren" value="true"/>
          <column name="DUMMY" value="false"/>
          <column name="tStatCatcher Statistik" value="false"/>
          <column name="Hilfe" value="org.talend.help.tCreateTable"/>
          <column name="Update components" value="true"/>
          <column name="IREPORT_PATH" value=""/>
          <column name="JAVA_LIBRARY_PATH" value="/home/alfred/TOS_DI-20200117_1600-V7.3.1M6/configuration/lib/java"/>
          <column name="Subjob Farbe:" value=""/>
          <column name="&#220;berschriftsfarbe" value=""/>
          <column name="Eigenschaftstyp" value="Built-In"/>
          <column name="Datenbanktyp" value="SQLITE"/>
          <column name="Tabellen Aktion" value="CREATE_IF_NOT_EXIST"/>
          <column name="Gro&#223;- / Kleinschreibung-unterscheidend" value="false"/>
          <column name="Verwende vorhandene Verbindung" value="true"/>
          <column name="Host" value="&quot;&quot;"/>
          <column name="Datenbank Name" value="&quot;&quot;"/>
          <column name="Local Service Name" value="&quot;&quot;"/>
          <column name="Url" value="&quot;jdbc:oracle:oci:/@db10g_test&quot;"/>
          <column name="Benutzername" value="&quot;&quot;"/>
          <column name="Passwort " value="**"/>
          <column name="Port" value="&quot;&quot;"/>
          <column name="Schema" value="&quot;&quot;"/>
          <column name="CONNECTION_ACCESS" value=""/>
          <column name="Accessdatei" value="&quot;C:/Users/Andrea/Documents/Talend/TOS_DI-Win32-20190620_1446-V7.2.1/workspace/in.mdb&quot;"/>
          <column name="Datenbankversion" value="jt400-9.8.jar"/>
          <column name="CONNECTION_AS400" value=""/>
          <column name="CONNECTION_DB2" value=""/>
          <column name="CONNECTION_FIREBIRD" value=""/>
          <column name="Firebirddatei" value="&quot;C:/Users/Andrea/Documents/Talend/TOS_DI-Win32-20190620_1446-V7.2.1/workspace/in.FDB&quot;"/>
          <column name="Running Mode" value="HSQLDB_SERVER"/>
          <column name="Verwende TLS/SSL Sockets" value="false"/>
          <column name="DB Pfad" value="&quot;&quot;"/>
          <column name="Datenbank Name" value="&quot;&quot;"/>
          <column name="DB Alias" value="&quot;&quot;"/>
          <column name="CONNECTION_INFORMIX" value=""/>
          <column name="DB Server" value="&quot;&quot;"/>
          <column name="CONNECTION_INGRES" value=""/>
          <column name="CONNECTION_INTERBASE" value=""/>
          <column name="Interbasedatei" value="&quot;C:/Users/Andrea/Documents/Talend/TOS_DI-Win32-20190620_1446-V7.2.1/workspace/in.gdb&quot;"/>
          <column name="Framework Type" value="EMBEDED"/>
          <column name="Has been connected to a network server" value="false"/>
          <column name="Datenbank Name" value="&quot;&quot;"/>
          <column name="DB Root Pfad" value="&quot;&quot;"/>
          <column name="CONNECTION_MSSQL" value=""/>
          <column name="JDBC Provider" value="JTDS"/>
          <column name="Tempor&#228;re Tabelle" value="false"/>
          <column name="CONNECTION_MYSQL" value=""/>
          <column name="Datenbankversion" value="MYSQL_8"/>
          <column name="CONNECTION_NETEZZA" value=""/>
          <column name="CONNECTION_ORACLE" value=""/>
          <column name="Verbindungstyp" value="ORACLE_SID"/>
          <column name="URL" value="&quot;&quot;"/>
          <column name="Datenbankversion" value="ORACLE_18"/>
          <column name="CONNECTION_POSTGRE" value=""/>
          <column name="DB Version" value="V9_X"/>
          <column name="Unlogged Table" value="false"/>
          <column name="CONNECTION_POSTGREPLUS" value=""/>
          <column name="CONNECTION_SQLITE" value="tDBConnection_1"/>
          <column name="SQLitedatei" value="&quot;C:/Users/Andrea/Documents/Talend/TOS_DI-Win32-20190620_1446-V7.2.1/workspace/talend.db&quot;"/>
          <column name="CONNECTION_SYBASE" value=""/>
          <column name="DB Version" value="SYBSEIQ_16"/>
          <column name="CONNECTION_TERADATA" value=""/>
          <column name="ODBC Name" value="&quot;&quot;"/>
          <column name="CONNECTION_GREENPLUM" value=""/>
          <column name="Use &quot;drop cascade&quot;" value="true"/>
          <column name="Datenbankversion" value="VERTICA_9_0"/>
          <column name="CONNECTION_VERTICA" value=""/>
          <column name="CONNECTION_EXASOL" value=""/>
          <column name="CONNECTION_REDSHIFT" value=""/>
          <column name="CONNECTION_SNOWFLAKE" value=""/>
          <column name="Account" value="&quot;&quot;"/>
          <column name="Role" value="&quot;&quot;"/>
          <column name="Tabellenname" value="&quot;EchoMail&quot;"/>
          <column name="REPOSITORY_ALLOW_AUTO_SWITCH" value="true"/>
          <column name="Schema" value="repository: GENERIC:EchoMailSQLLite - EchoMail"/>
          <column name="Mapping" value="sqlite_id"/>
          <column name="Erstellen" value="SET"/>
          <column name="Zus&#228;tzliche JDBC Parameter" value="&quot;&quot;"/>
          <column name="Enforce database delimited identifiers" value="false"/>
          <column name="!!!ENCODING.NAME!!!" value="&quot;ISO-8859-15&quot;"/>
          <column name="Create projection" value="true"/>
          <column name="Bezeichnungsformat" value="__UNIQUE_NAME__"/>
          <column name="Hinweisformat" value="&lt;b&gt;__UNIQUE_NAME__&lt;/b&gt;&lt;br&gt;__COMMENT__"/>
          <column name="Verbindungsformat" value="row"/>
          <column name="Informationen anzeigen" value="false"/>
          <column name="Kommentar" value=""/>
          <column name="Use an existing validation rule" value="false"/>
          <column name="Validation Rule Type" value=""/>
        </parameters>
        <schemas>
          <schema name="EchoMail">
            <column name="MailFrom" key="true" type="String" length="" precision="" nullable="false" comment="Mailadress"/>
            <column name="MailDate" key="false" type="String" length="" precision="" nullable="true" comment="Date and Time of last Email"/>
            <column name="MailNo" key="false" type="Integer" length="" precision="" nullable="true" comment="How many Mail did we already get from this user"/>
            <column name="MailDateLastTime" key="false" type="String" length="" precision="" nullable="true" comment="When was last mail sent?"/>
            <column name="MailDateCompare" key="false" type="String" length="" precision="" nullable="true" comment="Which date did i take for comparison?"/>
            <column name="Mailtobeskipped" key="false" type="Boolean" length="" precision="" nullable="true" comment="Last Message was skipped=true"/>
          </schema>
        </schemas>
      </component>
      <component icon="pictures/tDBConnection_1.png" uniqueName="tDBConnection_1" label="__UNIQUE_NAME__">
        <input link="tFileTouch_1">tFileTouch_1</input>
        <output link="tCreateTable_1">tCreateTable_1</output>
        <componentType>tSQLiteConnection</componentType>
        <parameters>
          <column name="Database" value="tSQLiteConnection"/>
          <column name="Eindeutiger Name" value="tDBConnection_1"/>
          <column name="Komponentenname" value="tSQLiteConnection"/>
          <column name="Version" value="0.102 (ALPHA)"/>
          <column name="Familie" value="Databases/DB Specifics/SQLite|ELT/Connections"/>
          <column name="Start" value="false"/>
          <column name="Ausf&#252;hrbar" value="true"/>
          <column name="SUBTREE_START" value="true"/>
          <column name="END_OF_FLOW" value="true"/>
          <column name="Aktivieren" value="true"/>
          <column name="DUMMY" value="false"/>
          <column name="tStatCatcher Statistik" value="false"/>
          <column name="Hilfe" value="org.talend.help.tSQLiteConnection"/>
          <column name="Update components" value="true"/>
          <column name="IREPORT_PATH" value=""/>
          <column name="JAVA_LIBRARY_PATH" value="/home/alfred/TOS_DI-20200117_1600-V7.3.1M6/configuration/lib/java"/>
          <column name="Subjob Farbe:" value=""/>
          <column name="&#220;berschriftsfarbe" value=""/>
          <column name="Eigenschaftstyp" value="Built-In"/>
          <column name="Database" value="context.SQLLite"/>
          <column name="Verwende oder melde eine geteilte DB Verbindung an" value="true"/>
          <column name="Gemeinsam verwendeter DB Verbindungsname" value="context.SQLLite_Table"/>
          <column name="Autocommit" value="true"/>
          <column name="Bezeichnungsformat" value="__UNIQUE_NAME__"/>
          <column name="Hinweisformat" value="&lt;b&gt;__UNIQUE_NAME__&lt;/b&gt;&lt;br&gt;__COMMENT__"/>
          <column name="Verbindungsformat" value="row"/>
          <column name="Informationen anzeigen" value="false"/>
          <column name="Kommentar" value=""/>
          <column name="Use an existing validation rule" value="false"/>
          <column name="Validation Rule Type" value=""/>
        </parameters>
      </component>
      <component icon="pictures/tDBInput_1.png" uniqueName="tDBInput_1" label="__UNIQUE_NAME__">
        <input>none</input>
        <output link="tMap_1">tMap_1</output>
        <componentType>tSQLiteInput</componentType>
        <parameters>
          <column name="Database" value="tSQLiteInput"/>
          <column name="Eindeutiger Name" value="tDBInput_1"/>
          <column name="Komponentenname" value="tSQLiteInput"/>
          <column name="Version" value="0.102 (ALPHA)"/>
          <column name="Familie" value="Databases/DB Specifics/SQLite"/>
          <column name="Start" value="false"/>
          <column name="Ausf&#252;hrbar" value="true"/>
          <column name="SUBTREE_START" value="false"/>
          <column name="END_OF_FLOW" value="false"/>
          <column name="Aktivieren" value="true"/>
          <column name="DUMMY" value="false"/>
          <column name="tStatCatcher Statistik" value="false"/>
          <column name="Hilfe" value="org.talend.help.tSQLiteInput"/>
          <column name="Update components" value="true"/>
          <column name="IREPORT_PATH" value=""/>
          <column name="JAVA_LIBRARY_PATH" value="/home/alfred/TOS_DI-20200117_1600-V7.3.1M6/configuration/lib/java"/>
          <column name="Subjob Farbe:" value=""/>
          <column name="&#220;berschriftsfarbe" value=""/>
          <column name="Eigenschaftstyp" value="Built-In"/>
          <column name="eine bestehende Verbindung verwenden" value="true"/>
          <column name="Komponenten Liste" value="tDBConnection_1"/>
          <column name="Database" value="&quot;C:/Users/Andrea/Documents/EchoMail.sqlite&quot;"/>
          <column name="Datenbanktreiber" value="SQLite"/>
          <column name="REPOSITORY_ALLOW_AUTO_SWITCH" value="true"/>
          <column name="Schema" value="repository: GENERIC:EchoMailSQLLite - EchoMail"/>
          <column name="Tabellenname" value="&quot;EchoMail&quot;"/>
          <column name="Abfragetyp" value="Built-In"/>
          <column name="Errate Schema" value="&quot;&quot;"/>
          <column name="Abfrage" value="&quot;select MailFrom,MailDate,MailNo,MailDateLastTime,MailDateCompare,Mailtobeskipped from &quot; + context.SQLLite_Table"/>
          <column name="Encoding" value="&quot;ISO-8859-15&quot;"/>
          <column name="Trimme alle Zeichenketten/Zeichen-Spalten" value="true"/>
          <column name="Trimmt Spalte" value="[{SCHEMA_COLUMN=MailFrom, TRIM=true}, {SCHEMA_COLUMN=MailDate, TRIM=true}, {SCHEMA_COLUMN=MailNo, TRIM=true}, {SCHEMA_COLUMN=MailDateLastTime, TRIM=false}, {SCHEMA_COLUMN=MailDateCompare, TRIM=false}, {SCHEMA_COLUMN=Mailtobeskipped, TRIM=false}]"/>
          <column name="Bezeichnungsformat" value="__UNIQUE_NAME__"/>
          <column name="Hinweisformat" value="&lt;b&gt;__UNIQUE_NAME__&lt;/b&gt;&lt;br&gt;__COMMENT__"/>
          <column name="Verbindungsformat" value="row"/>
          <column name="Informationen anzeigen" value="false"/>
          <column name="Kommentar" value=""/>
          <column name="Use an existing validation rule" value="false"/>
          <column name="Validation Rule Type" value=""/>
        </parameters>
        <schemas>
          <schema name="EchoMail">
            <column name="MailFrom" key="true" type="String" length="" precision="" nullable="false" comment="Mailadress"/>
            <column name="MailDate" key="false" type="String" length="" precision="" nullable="true" comment="Date and Time of last Email"/>
            <column name="MailNo" key="false" type="Integer" length="" precision="" nullable="true" comment="How many Mail did we already get from this user"/>
            <column name="MailDateLastTime" key="false" type="String" length="" precision="" nullable="true" comment="When was last mail sent?"/>
            <column name="MailDateCompare" key="false" type="String" length="" precision="" nullable="true" comment="Which date did i take for comparison?"/>
            <column name="Mailtobeskipped" key="false" type="Boolean" length="" precision="" nullable="true" comment="Last Message was skipped=true"/>
          </schema>
        </schemas>
      </component>
      <component icon="pictures/tDBOutput_1.png" uniqueName="tDBOutput_1" label="__UNIQUE_NAME__">
        <input link="tLogRow_3">tLogRow_3</input>
        <output link="tLogRow_2">tLogRow_2</output>
        <componentType>tSQLiteOutput</componentType>
        <parameters>
          <column name="Database" value="tSQLiteOutput"/>
          <column name="Eindeutiger Name" value="tDBOutput_1"/>
          <column name="Komponentenname" value="tSQLiteOutput"/>
          <column name="Version" value="0.102 (ALPHA)"/>
          <column name="Familie" value="Databases/DB Specifics/SQLite"/>
          <column name="Ausf&#252;hrbar" value="false"/>
          <column name="SUBTREE_START" value="false"/>
          <column name="END_OF_FLOW" value="false"/>
          <column name="Aktivieren" value="true"/>
          <column name="DUMMY" value="false"/>
          <column name="tStatCatcher Statistik" value="false"/>
          <column name="Hilfe" value="org.talend.help.tSQLiteOutput"/>
          <column name="Update components" value="true"/>
          <column name="IREPORT_PATH" value=""/>
          <column name="JAVA_LIBRARY_PATH" value="/home/alfred/TOS_DI-20200117_1600-V7.3.1M6/configuration/lib/java"/>
          <column name="Subjob Farbe:" value=""/>
          <column name="&#220;berschriftsfarbe" value=""/>
          <column name="Eigenschaftstyp" value="Built-In"/>
          <column name="eine bestehende Verbindung verwenden" value="true"/>
          <column name="Komponenten Liste" value="tDBConnection_1"/>
          <column name="Database" value="&quot;C:/Users/Andrea/Documents/EchoMail.sqlite&quot;"/>
          <column name="Datenbanktreiber" value="SQLite"/>
          <column name="Tabelle" value="&quot;EchoMail&quot;"/>
          <column name="Aktion auf Tabelle" value="CREATE_IF_NOT_EXISTS"/>
          <column name="Aktion auf Daten" value="INSERT_OR_UPDATE"/>
          <column name="REPOSITORY_ALLOW_AUTO_SWITCH" value="true"/>
          <column name="Schema" value="repository: GENERIC:EchoMailSQLLite - EchoMail"/>
          <column name="Reject Schema" value="Built-In"/>
          <column name="Abbrechen bei Fehler" value="false"/>
          <column name="Mapping" value="sqlite_id"/>
          <column name="Encoding" value="&quot;ISO-8859-15&quot;"/>
          <column name="Commit jede" value="10000"/>
          <column name="Zus&#228;tzliche Spalten" value="[]"/>
          <column name="Use field options" value="false"/>
          <column name="Field options" value="[{SCHEMA_COLUMN=MailFrom, UPDATE_KEY=false, DELETE_KEY=false, UPDATABLE=true, INSERTABLE=true}, {SCHEMA_COLUMN=MailDate, UPDATE_KEY=false, DELETE_KEY=false, UPDATABLE=true, INSERTABLE=true}, {SCHEMA_COLUMN=MailNo, UPDATE_KEY=false, DELETE_KEY=false, UPDATABLE=true, INSERTABLE=true}, {SCHEMA_COLUMN=MailDateLastTime, UPDATE_KEY=false, DELETE_KEY=false, UPDATABLE=true, INSERTABLE=true}, {SCHEMA_COLUMN=MailDateCompare, UPDATE_KEY=false, DELETE_KEY=false, UPDATABLE=true, INSERTABLE=true}, {SCHEMA_COLUMN=Mailtobeskipped, UPDATE_KEY=false, DELETE_KEY=false, UPDATABLE=true, INSERTABLE=true}]"/>
          <column name="Debug Modus aktivieren" value="false"/>
          <column name="Unterst&#252;tze null in der &quot;SQL WHERE&quot; Bedingung" value="false"/>
          <column name="Use Batch" value="true"/>
          <column name="Batch Size" value="10000"/>
          <column name="Bezeichnungsformat" value="__UNIQUE_NAME__"/>
          <column name="Hinweisformat" value="&lt;b&gt;__UNIQUE_NAME__&lt;/b&gt;&lt;br&gt;__COMMENT__"/>
          <column name="Verbindungsformat" value="row"/>
          <column name="Informationen anzeigen" value="false"/>
          <column name="Kommentar" value=""/>
          <column name="Use an existing validation rule" value="false"/>
          <column name="Validation Rule Type" value=""/>
        </parameters>
        <schemas>
          <schema name="EchoMail">
            <column name="MailFrom" key="true" type="String" length="" precision="" nullable="false" comment="Mailadress"/>
            <column name="MailDate" key="false" type="String" length="" precision="" nullable="true" comment="Date and Time of last Email"/>
            <column name="MailNo" key="false" type="Integer" length="" precision="" nullable="true" comment="How many Mail did we already get from this user"/>
            <column name="MailDateLastTime" key="false" type="String" length="" precision="" nullable="true" comment="When was last mail sent?"/>
            <column name="MailDateCompare" key="false" type="String" length="" precision="" nullable="true" comment="Which date did i take for comparison?"/>
            <column name="Mailtobeskipped" key="false" type="Boolean" length="" precision="" nullable="true" comment="Last Message was skipped=true"/>
          </schema>
        </schemas>
      </component>
      <component icon="pictures/tFileDelete_1.png" uniqueName="tFileDelete_1" label="__UNIQUE_NAME__">
        <input link="tFileList_1">tFileList_1</input>
        <output>none</output>
        <componentType>tFileDelete</componentType>
        <parameters>
          <column name="Eindeutiger Name" value="tFileDelete_1"/>
          <column name="Komponentenname" value="tFileDelete"/>
          <column name="Version" value="0.102 (ALPHA)"/>
          <column name="Familie" value="File/Management"/>
          <column name="Start" value="false"/>
          <column name="Ausf&#252;hrbar" value="true"/>
          <column name="SUBTREE_START" value="false"/>
          <column name="END_OF_FLOW" value="true"/>
          <column name="Aktivieren" value="true"/>
          <column name="DUMMY" value="false"/>
          <column name="tStatCatcher Statistik" value="false"/>
          <column name="Hilfe" value="org.talend.help.tFileDelete"/>
          <column name="Update components" value="true"/>
          <column name="IREPORT_PATH" value=""/>
          <column name="JAVA_LIBRARY_PATH" value="/home/alfred/TOS_DI-20200117_1600-V7.3.1M6/configuration/lib/java"/>
          <column name="Subjob Farbe:" value=""/>
          <column name="&#220;berschriftsfarbe" value=""/>
          <column name="Dateiname" value="((String)globalMap.get(&quot;tFileList_1_CURRENT_FILEPATH&quot;))"/>
          <column name="Verzeichnis" value="&quot;C:/Users/Andrea/Documents/Talend/TOS_DI-Win32-20190620_1446-V7.2.1/workspace/delete_folder&quot;"/>
          <column name="Datei oder Verzeichnis das gel&#246;scht werden soll" value="((String)globalMap.get(&quot;tFileList_1_CURRENT_FILEPATH&quot;))"/>
          <column name="Fehlschlagen bei Fehlern" value="false"/>
          <column name="Ordner l&#246;schen" value="false"/>
          <column name="L&#246;sche Datei oder Verzeichnis" value="true"/>
          <column name="Schema" value="Built-In"/>
          <column name="Bezeichnungsformat" value="__UNIQUE_NAME__"/>
          <column name="Hinweisformat" value="&lt;b&gt;__UNIQUE_NAME__&lt;/b&gt;&lt;br&gt;__COMMENT__"/>
          <column name="Verbindungsformat" value="row"/>
          <column name="Informationen anzeigen" value="false"/>
          <column name="Kommentar" value=""/>
          <column name="Use an existing validation rule" value="false"/>
          <column name="Validation Rule Type" value=""/>
        </parameters>
        <schemas>
          <schema name="tFileDelete_1"/>
        </schemas>
      </component>
      <component icon="pictures/tFileInputMail_1.png" uniqueName="tFileInputMail_1" label="__UNIQUE_NAME__">
        <input link="tPOP_1">tPOP_1</input>
        <output link="tLogRow_1">tLogRow_1</output>
        <componentType>tFileInputMail</componentType>
        <parameters>
          <column name="Eindeutiger Name" value="tFileInputMail_1"/>
          <column name="Komponentenname" value="tFileInputMail"/>
          <column name="Version" value="0.102 (ALPHA)"/>
          <column name="Familie" value="File/Input"/>
          <column name="Start" value="false"/>
          <column name="Ausf&#252;hrbar" value="true"/>
          <column name="SUBTREE_START" value="false"/>
          <column name="END_OF_FLOW" value="false"/>
          <column name="Aktivieren" value="true"/>
          <column name="DUMMY" value="false"/>
          <column name="tStatCatcher Statistik" value="false"/>
          <column name="Hilfe" value="org.talend.help.tFileInputMail"/>
          <column name="Update components" value="true"/>
          <column name="IREPORT_PATH" value=""/>
          <column name="JAVA_LIBRARY_PATH" value="/home/alfred/TOS_DI-20200117_1600-V7.3.1M6/configuration/lib/java"/>
          <column name="Subjob Farbe:" value=""/>
          <column name="&#220;berschriftsfarbe" value=""/>
          <column name="Dateiname" value="((String)globalMap.get(&quot;tPOP_1_CURRENT_FILEPATH&quot;))"/>
          <column name="REPOSITORY_ALLOW_AUTO_SWITCH" value="true"/>
          <column name="Schema" value="Built-In"/>
          <column name="Mail type" value="MIME"/>
          <column name="Exportverzeichnis f&#252;r Anh&#228;nge" value="context.TempDir"/>
          <column name="Mail parts" value="[{SCHEMA_COLUMN=MailFrom, MAIL_PART=&quot;From&quot;, MULTI_VALUE=false, PART_SEPARATOR=&quot;&quot;}, {SCHEMA_COLUMN=MailDate, MAIL_PART=&quot;Date&quot;, MULTI_VALUE=false, PART_SEPARATOR=&quot;&quot;}, {SCHEMA_COLUMN=MailSubject, MAIL_PART=&quot;Subject&quot;, MULTI_VALUE=false, PART_SEPARATOR=&quot;&quot;}]"/>
          <column name="MSG Mail parts" value="[{SCHEMA_COLUMN=MailFrom, MAIL_PART=From}, {SCHEMA_COLUMN=MailDate, MAIL_PART=MessageDate}, {SCHEMA_COLUMN=MailSubject, MAIL_PART=Subject}]"/>
          <column name="Abbrechen bei Fehler" value="false"/>
          <column name="Bezeichnungsformat" value="__UNIQUE_NAME__"/>
          <column name="Hinweisformat" value="&lt;b&gt;__UNIQUE_NAME__&lt;/b&gt;&lt;br&gt;__COMMENT__"/>
          <column name="Verbindungsformat" value="row"/>
          <column name="Informationen anzeigen" value="false"/>
          <column name="Kommentar" value=""/>
          <column name="Use an existing validation rule" value="false"/>
          <column name="Validation Rule Type" value=""/>
        </parameters>
        <schemas>
          <schema name="tFileInputMail_1">
            <column name="MailFrom" key="false" type="String" length="" precision="" nullable="true" comment=""/>
            <column name="MailDate" key="false" type="String" length="" precision="" nullable="true" comment=""/>
            <column name="MailSubject" key="false" type="String" length="" precision="" nullable="true" comment=""/>
          </schema>
        </schemas>
      </component>
      <component icon="pictures/tFileList_1.png" uniqueName="tFileList_1" label="__UNIQUE_NAME__">
        <input link="tPOP_1">tPOP_1</input>
        <output link="tFileDelete_1">tFileDelete_1</output>
        <componentType>tFileList</componentType>
        <parameters>
          <column name="Eindeutiger Name" value="tFileList_1"/>
          <column name="Komponentenname" value="tFileList"/>
          <column name="Version" value="0.102 (ALPHA)"/>
          <column name="Familie" value="File/Management|Orchestration"/>
          <column name="Start" value="false"/>
          <column name="Ausf&#252;hrbar" value="true"/>
          <column name="SUBTREE_START" value="true"/>
          <column name="END_OF_FLOW" value="true"/>
          <column name="Aktivieren" value="true"/>
          <column name="DUMMY" value="false"/>
          <column name="tStatCatcher Statistik" value="false"/>
          <column name="Hilfe" value="org.talend.help.tFileList"/>
          <column name="Update components" value="true"/>
          <column name="IREPORT_PATH" value=""/>
          <column name="JAVA_LIBRARY_PATH" value="/home/alfred/TOS_DI-20200117_1600-V7.3.1M6/configuration/lib/java"/>
          <column name="Subjob Farbe:" value=""/>
          <column name="&#220;berschriftsfarbe" value=""/>
          <column name="Verzeichnis" value="context.TempDir"/>
          <column name="FileList Type" value="FILES"/>
          <column name="Unterverzeichnis einschlie&#223;en" value="true"/>
          <column name="Gro&#223;- / Kleinschreibung-unterscheidend" value="YES"/>
          <column name="Verursacht einen Fehler, falls Datei nicht gefunden wird" value="false"/>
          <column name="Use Glob Expressions as Filemask (Unchecked means Perl5 Regex Expressions)" value="true"/>
          <column name="Dateien" value="[{FILEMASK=&quot;*&quot;}, {FILEMASK=&quot;*.*&quot;}]"/>
          <column name="By default" value="false"/>
          <column name="By file name" value="true"/>
          <column name="By file size" value="false"/>
          <column name="By modified date" value="false"/>
          <column name="ASC" value="true"/>
          <column name="DESC" value="false"/>
          <column name="Verwende Ausschlussdateimaske" value="false"/>
          <column name="Exclude Filemask" value="&quot;*.txt&quot;"/>
          <column name="Format file path to slash(/) style (useful on Windows)" value="false"/>
          <column name="Bezeichnungsformat" value="__UNIQUE_NAME__"/>
          <column name="Hinweisformat" value="&lt;b&gt;__UNIQUE_NAME__&lt;/b&gt;&lt;br&gt;__COMMENT__"/>
          <column name="Verbindungsformat" value="row"/>
          <column name="Informationen anzeigen" value="false"/>
          <column name="Kommentar" value=""/>
          <column name="Use an existing validation rule" value="false"/>
          <column name="Validation Rule Type" value=""/>
        </parameters>
      </component>
      <component icon="pictures/tFileTouch_1.png" uniqueName="tFileTouch_1" label="__UNIQUE_NAME__">
        <input>none</input>
        <output link="tDBConnection_1">tDBConnection_1</output>
        <componentType>tFileTouch</componentType>
        <parameters>
          <column name="Eindeutiger Name" value="tFileTouch_1"/>
          <column name="Komponentenname" value="tFileTouch"/>
          <column name="Version" value="0.102 (ALPHA)"/>
          <column name="Familie" value="File/Management"/>
          <column name="Start" value="true"/>
          <column name="Ausf&#252;hrbar" value="true"/>
          <column name="SUBTREE_START" value="true"/>
          <column name="END_OF_FLOW" value="true"/>
          <column name="Aktivieren" value="true"/>
          <column name="DUMMY" value="false"/>
          <column name="tStatCatcher Statistik" value="false"/>
          <column name="Hilfe" value="org.talend.help.tFileTouch"/>
          <column name="Update components" value="true"/>
          <column name="IREPORT_PATH" value=""/>
          <column name="JAVA_LIBRARY_PATH" value="/home/alfred/TOS_DI-20200117_1600-V7.3.1M6/configuration/lib/java"/>
          <column name="Subjob Farbe:" value=""/>
          <column name="&#220;berschriftsfarbe" value=""/>
          <column name="Dateiname" value="context.TempDir+&quot;/&quot;+context.SQLLite_Table"/>
          <column name="Bei Bedarf Verzeichnis erstellen" value="true"/>
          <column name="Schema" value="Built-In"/>
          <column name="Bezeichnungsformat" value="__UNIQUE_NAME__"/>
          <column name="Hinweisformat" value="&lt;b&gt;__UNIQUE_NAME__&lt;/b&gt;&lt;br&gt;__COMMENT__"/>
          <column name="Verbindungsformat" value="row"/>
          <column name="Informationen anzeigen" value="false"/>
          <column name="Kommentar" value=""/>
          <column name="Use an existing validation rule" value="false"/>
          <column name="Validation Rule Type" value=""/>
        </parameters>
        <schemas>
          <schema name="tFileTouch_1"/>
        </schemas>
      </component>
      <component icon="pictures/tFilterRow_1.png" uniqueName="tFilterRow_1" label="__UNIQUE_NAME__">
        <input link="tLogRow_2">tLogRow_2</input>
        <output link="tLogRow_5">tLogRow_5</output>
        <output link="tLogRow_4">tLogRow_4</output>
        <componentType>tFilterRow</componentType>
        <parameters>
          <column name="Eindeutiger Name" value="tFilterRow_1"/>
          <column name="Komponentenname" value="tFilterRow"/>
          <column name="Version" value="0.102 (ALPHA)"/>
          <column name="Familie" value="Processing"/>
          <column name="Ausf&#252;hrbar" value="false"/>
          <column name="SUBTREE_START" value="false"/>
          <column name="END_OF_FLOW" value="false"/>
          <column name="Aktivieren" value="true"/>
          <column name="DUMMY" value="false"/>
          <column name="tStatCatcher Statistik" value="false"/>
          <column name="Hilfe" value="org.talend.help.tFilterRow"/>
          <column name="Update components" value="true"/>
          <column name="IREPORT_PATH" value=""/>
          <column name="JAVA_LIBRARY_PATH" value="/home/alfred/TOS_DI-20200117_1600-V7.3.1M6/configuration/lib/java"/>
          <column name="Subjob Farbe:" value=""/>
          <column name="&#220;berschriftsfarbe" value=""/>
          <column name="REPOSITORY_ALLOW_AUTO_SWITCH" value="true"/>
          <column name="Schema" value="Built-In"/>
          <column name="Schema" value="Built-In"/>
          <column name="Schema" value="Built-In"/>
          <column name="Logischer Operator zur Verkn&#252;pfung der Bedingungen" value="&amp;&amp;"/>
          <column name="Bedingungen" value="[]"/>
          <column name="Erweiterten Modus verwenden" value="true"/>
          <column name="Erweitert" value="// code sample : use input_row to define the condition.
// input_row.columnName1.equals(&quot;foo&quot;) ||!(input_row.columnName2.equals(&quot;bar&quot;))
// replace the following expression by your own filter condition 
input_row.Mailtobeskipped == false
"/>
          <column name="Bezeichnungsformat" value="__UNIQUE_NAME__"/>
          <column name="Hinweisformat" value="&lt;b&gt;__UNIQUE_NAME__&lt;/b&gt;&lt;br&gt;__COMMENT__"/>
          <column name="Verbindungsformat" value="row"/>
          <column name="Informationen anzeigen" value="false"/>
          <column name="Kommentar" value=""/>
          <column name="Use an existing validation rule" value="false"/>
          <column name="Validation Rule Type" value=""/>
        </parameters>
        <schemas>
          <schema name="EchoMail">
            <column name="MailFrom" key="true" type="String" length="" precision="" nullable="false" comment="Mailadress"/>
            <column name="MailDate" key="false" type="String" length="" precision="" nullable="true" comment="Date and Time of last Email"/>
            <column name="MailNo" key="false" type="Integer" length="" precision="" nullable="true" comment="How many Mail did we already get from this user"/>
            <column name="MailDateLastTime" key="false" type="String" length="" precision="" nullable="true" comment="When was last mail sent?"/>
            <column name="MailDateCompare" key="false" type="String" length="" precision="" nullable="true" comment="Which date did i take for comparison?"/>
            <column name="Mailtobeskipped" key="false" type="Boolean" length="" precision="" nullable="true" comment="Last Message was skipped=true"/>
          </schema>
        </schemas>
      </component>
      <component icon="pictures/tJavaRow_1.png" uniqueName="tJavaRow_1" label="__UNIQUE_NAME__">
        <input link="tMap_1">tMap_1</input>
        <input link="tDBInput_1">tDBInput_1</input>
        <output link="tLogRow_3">tLogRow_3</output>
        <componentType>tJavaRow</componentType>
        <parameters>
          <column name="Eindeutiger Name" value="tJavaRow_1"/>
          <column name="Komponentenname" value="tJavaRow"/>
          <column name="Version" value="0.101 (ALPHA)"/>
          <column name="Familie" value="Custom_Code"/>
          <column name="Ausf&#252;hrbar" value="false"/>
          <column name="SUBTREE_START" value="false"/>
          <column name="END_OF_FLOW" value="false"/>
          <column name="Aktivieren" value="true"/>
          <column name="DUMMY" value="false"/>
          <column name="tStatCatcher Statistik" value="false"/>
          <column name="Hilfe" value="org.talend.help.tJavaRow"/>
          <column name="Update components" value="true"/>
          <column name="IREPORT_PATH" value=""/>
          <column name="JAVA_LIBRARY_PATH" value="/home/alfred/TOS_DI-20200117_1600-V7.3.1M6/configuration/lib/java"/>
          <column name="Subjob Farbe:" value=""/>
          <column name="&#220;berschriftsfarbe" value=""/>
          <column name="REPOSITORY_ALLOW_AUTO_SWITCH" value="true"/>
          <column name="Schema" value="repository: GENERIC:EchoMailSQLLite - EchoMail"/>
          <column name="Code" value="//Code erstellt anhand des Eingabe- und Ausgabeschemas
output_row.MailFrom = input_row.MailFrom;
output_row.MailDate = input_row.MailDate;
output_row.MailNo = input_row.MailNo;
output_row.MailDateLastTime = input_row.MailDateLastTime;
//System.out.println(&quot;output_row.MailDate=&quot;+output_row.MailDate);
//System.out.println(&quot;output_row.MailDateLastTime=&quot;+output_row.MailDateLastTime);
if (output_row.MailDateLastTime  == null){ 
	output_row.MailDateLastTime = TalendDate.addDate(TalendDate.formatDate(&quot;yyyy-MM-dd HH:mm:ss&quot;,TalendDate.getCurrentDate()), &quot;yyyy-MM-dd HH:mm:ss&quot;, -context.Purge_time_Minutes*50, &quot;mm&quot;); // this is the first time
}
output_row.MailDateCompare=output_row.MailDateLastTime;
//System.out.println(&quot;output_row.MailDateCompare1=&quot;+output_row.MailDateCompare);
if (TalendDate.compareDate(TalendDate.parseDateLocale(&quot;yyyy-MM-dd HH:mm:ss&quot;,output_row.MailDateCompare,&quot;EN&quot;),TalendDate.parseDateLocale(&quot;yyyy-MM-dd HH:mm:ss&quot;,TalendDate.addDate(TalendDate.formatDate(&quot;yyyy-MM-dd HH:mm:ss&quot;,TalendDate.getCurrentDate()), &quot;yyyy-MM-dd HH:mm:ss&quot;, -context.Purge_time_Minutes, &quot;mm&quot;),&quot;EN&quot;)) &gt; 0) {
// Last Time was in Purge-Time-Range
	output_row.MailDateCompare=TalendDate.addDate(TalendDate.formatDate(&quot;yyyy-MM-dd HH:mm:ss&quot;,TalendDate.getCurrentDate()), &quot;yyyy-MM-dd HH:mm:ss&quot;, -context.Purge_time_Minutes*50, &quot;mm&quot;); // Skip this row
	System.out.println(&quot;Message is tooo new -&gt; will be skipped!&quot;);
	output_row.Mailtobeskipped=true;
	}
else 
{
	output_row.MailDateLastTime = input_row.MailDate; // This mail will be answered. Update it with new Date, and remmber in DB
	output_row.Mailtobeskipped=false;
}
//System.out.println(&quot;output_row.MailDateCompare2=&quot;+output_row.MailDateCompare);
"/>
          <column name="Importiere" value="//import java.util.List;"/>
          <column name="Bezeichnungsformat" value="__UNIQUE_NAME__"/>
          <column name="Hinweisformat" value="&lt;b&gt;__UNIQUE_NAME__&lt;/b&gt;&lt;br&gt;__COMMENT__"/>
          <column name="Verbindungsformat" value="row"/>
          <column name="Informationen anzeigen" value="false"/>
          <column name="Kommentar" value=""/>
          <column name="Use an existing validation rule" value="false"/>
          <column name="Validation Rule Type" value=""/>
        </parameters>
        <schemas>
          <schema name="EchoMail">
            <column name="MailFrom" key="true" type="String" length="" precision="" nullable="false" comment="Mailadress"/>
            <column name="MailDate" key="false" type="String" length="" precision="" nullable="true" comment="Date and Time of last Email"/>
            <column name="MailNo" key="false" type="Integer" length="" precision="" nullable="true" comment="How many Mail did we already get from this user"/>
            <column name="MailDateLastTime" key="false" type="String" length="" precision="" nullable="true" comment="When was last mail sent?"/>
            <column name="MailDateCompare" key="false" type="String" length="" precision="" nullable="true" comment="Which date did i take for comparison?"/>
            <column name="Mailtobeskipped" key="false" type="Boolean" length="" precision="" nullable="true" comment="Last Message was skipped=true"/>
          </schema>
        </schemas>
      </component>
      <component icon="pictures/tLogRow_4.png" uniqueName="tLogRow_4" label="__UNIQUE_NAME__">
        <input link="tFilterRow_1">tFilterRow_1</input>
        <output>none</output>
        <componentType>tLogRow</componentType>
        <parameters>
          <column name="Eindeutiger Name" value="tLogRow_4"/>
          <column name="Komponentenname" value="tLogRow"/>
          <column name="Version" value="0.101 (ALPHA)"/>
          <column name="Familie" value="Logs_Errors"/>
          <column name="Ausf&#252;hrbar" value="false"/>
          <column name="SUBTREE_START" value="false"/>
          <column name="END_OF_FLOW" value="true"/>
          <column name="Aktivieren" value="true"/>
          <column name="DUMMY" value="false"/>
          <column name="tStatCatcher Statistik" value="false"/>
          <column name="Hilfe" value="org.talend.help.tLogRow"/>
          <column name="Update components" value="true"/>
          <column name="IREPORT_PATH" value=""/>
          <column name="JAVA_LIBRARY_PATH" value="/home/alfred/TOS_DI-20200117_1600-V7.3.1M6/configuration/lib/java"/>
          <column name="Subjob Farbe:" value=""/>
          <column name="&#220;berschriftsfarbe" value=""/>
          <column name="REPOSITORY_ALLOW_AUTO_SWITCH" value="true"/>
          <column name="Schema" value="Built-In"/>
          <column name="Einfach" value="true"/>
          <column name="Table (print values in cells of a table)" value="false"/>
          <column name="Vertikal (wobei jede Zeile eine Schl&#252;ssel/Wertliste ist)" value="false"/>
          <column name="Print unique name" value="true"/>
          <column name="Beschriftungen ausgeben" value="false"/>
          <column name="Print unique name and label" value="false"/>
          <column name="Feldseparator" value="&quot;|&quot;"/>
          <column name="Kopfzeile ausgeben" value="true"/>
          <column name="Print component unique name in front of each output row" value="false"/>
          <column name="Print schema column name in front of each value" value="false"/>
          <column name="Feste L&#228;nge f&#252;r Werte verwenden" value="false"/>
          <column name="Lengths" value="[{SCHEMA_COLUMN=MailFrom, LENGTH=10}, {SCHEMA_COLUMN=MailDate, LENGTH=10}, {SCHEMA_COLUMN=MailNo, LENGTH=10}, {SCHEMA_COLUMN=MailDateLastTime, LENGTH=10}, {SCHEMA_COLUMN=MailDateCompare, LENGTH=10}, {SCHEMA_COLUMN=Mailtobeskipped, LENGTH=10}, {SCHEMA_COLUMN=errorMessage, LENGTH=10}]"/>
          <column name="Print content with log4j" value="true"/>
          <column name="Min column number of optimize code " value="100"/>
          <column name="Bezeichnungsformat" value="__UNIQUE_NAME__"/>
          <column name="Hinweisformat" value="&lt;b&gt;__UNIQUE_NAME__&lt;/b&gt;&lt;br&gt;__COMMENT__"/>
          <column name="Verbindungsformat" value="row"/>
          <column name="Informationen anzeigen" value="false"/>
          <column name="Kommentar" value=""/>
          <column name="Use an existing validation rule" value="false"/>
          <column name="Validation Rule Type" value=""/>
        </parameters>
        <schemas>
          <schema name="EchoMail">
            <column name="MailFrom" key="true" type="String" length="" precision="" nullable="false" comment="Mailadress"/>
            <column name="MailDate" key="false" type="String" length="" precision="" nullable="true" comment="Date and Time of last Email"/>
            <column name="MailNo" key="false" type="Integer" length="" precision="" nullable="true" comment="How many Mail did we already get from this user"/>
            <column name="MailDateLastTime" key="false" type="String" length="" precision="" nullable="true" comment="When was last mail sent?"/>
            <column name="MailDateCompare" key="false" type="String" length="" precision="" nullable="true" comment="Which date did i take for comparison?"/>
            <column name="Mailtobeskipped" key="false" type="Boolean" length="" precision="" nullable="true" comment="Last Message was skipped=true"/>
            <column name="errorMessage" key="false" type="String" length="255" precision="" nullable="true" comment=""/>
          </schema>
        </schemas>
      </component>
      <component icon="pictures/tLogRow_5.png" uniqueName="tLogRow_5" label="__UNIQUE_NAME__">
        <input link="tFilterRow_1">tFilterRow_1</input>
        <output link="tSendMail_1">tSendMail_1</output>
        <componentType>tLogRow</componentType>
        <parameters>
          <column name="Eindeutiger Name" value="tLogRow_5"/>
          <column name="Komponentenname" value="tLogRow"/>
          <column name="Version" value="0.101 (ALPHA)"/>
          <column name="Familie" value="Logs_Errors"/>
          <column name="Ausf&#252;hrbar" value="false"/>
          <column name="SUBTREE_START" value="false"/>
          <column name="END_OF_FLOW" value="false"/>
          <column name="Aktivieren" value="true"/>
          <column name="DUMMY" value="false"/>
          <column name="tStatCatcher Statistik" value="false"/>
          <column name="Hilfe" value="org.talend.help.tLogRow"/>
          <column name="Update components" value="true"/>
          <column name="IREPORT_PATH" value=""/>
          <column name="JAVA_LIBRARY_PATH" value="/home/alfred/TOS_DI-20200117_1600-V7.3.1M6/configuration/lib/java"/>
          <column name="Subjob Farbe:" value=""/>
          <column name="&#220;berschriftsfarbe" value=""/>
          <column name="REPOSITORY_ALLOW_AUTO_SWITCH" value="true"/>
          <column name="Schema" value="Built-In"/>
          <column name="Einfach" value="true"/>
          <column name="Table (print values in cells of a table)" value="false"/>
          <column name="Vertikal (wobei jede Zeile eine Schl&#252;ssel/Wertliste ist)" value="false"/>
          <column name="Print unique name" value="true"/>
          <column name="Beschriftungen ausgeben" value="false"/>
          <column name="Print unique name and label" value="false"/>
          <column name="Feldseparator" value="&quot;|&quot;"/>
          <column name="Kopfzeile ausgeben" value="true"/>
          <column name="Print component unique name in front of each output row" value="false"/>
          <column name="Print schema column name in front of each value" value="false"/>
          <column name="Feste L&#228;nge f&#252;r Werte verwenden" value="false"/>
          <column name="Lengths" value="[{SCHEMA_COLUMN=MailFrom, LENGTH=10}, {SCHEMA_COLUMN=MailDate, LENGTH=10}, {SCHEMA_COLUMN=MailNo, LENGTH=10}, {SCHEMA_COLUMN=MailDateLastTime, LENGTH=10}, {SCHEMA_COLUMN=MailDateCompare, LENGTH=10}, {SCHEMA_COLUMN=Mailtobeskipped, LENGTH=10}]"/>
          <column name="Print content with log4j" value="true"/>
          <column name="Min column number of optimize code " value="100"/>
          <column name="Bezeichnungsformat" value="__UNIQUE_NAME__"/>
          <column name="Hinweisformat" value="&lt;b&gt;__UNIQUE_NAME__&lt;/b&gt;&lt;br&gt;__COMMENT__"/>
          <column name="Verbindungsformat" value="row"/>
          <column name="Informationen anzeigen" value="false"/>
          <column name="Kommentar" value=""/>
          <column name="Use an existing validation rule" value="false"/>
          <column name="Validation Rule Type" value=""/>
        </parameters>
        <schemas>
          <schema name="EchoMail">
            <column name="MailFrom" key="true" type="String" length="" precision="" nullable="false" comment="Mailadress"/>
            <column name="MailDate" key="false" type="String" length="" precision="" nullable="true" comment="Date and Time of last Email"/>
            <column name="MailNo" key="false" type="Integer" length="" precision="" nullable="true" comment="How many Mail did we already get from this user"/>
            <column name="MailDateLastTime" key="false" type="String" length="" precision="" nullable="true" comment="When was last mail sent?"/>
            <column name="MailDateCompare" key="false" type="String" length="" precision="" nullable="true" comment="Which date did i take for comparison?"/>
            <column name="Mailtobeskipped" key="false" type="Boolean" length="" precision="" nullable="true" comment="Last Message was skipped=true"/>
          </schema>
        </schemas>
      </component>
      <component icon="pictures/tPOP_1.png" uniqueName="tPOP_1" label="__UNIQUE_NAME__">
        <input link="tCreateTable_1">tCreateTable_1</input>
        <output link="tFileInputMail_1">tFileInputMail_1</output>
        <output link="tFileList_1">tFileList_1</output>
        <componentType>tPOP</componentType>
        <parameters>
          <column name="Eindeutiger Name" value="tPOP_1"/>
          <column name="Komponentenname" value="tPOP"/>
          <column name="Version" value="0.101 (ALPHA)"/>
          <column name="Familie" value="Internet"/>
          <column name="Start" value="false"/>
          <column name="Ausf&#252;hrbar" value="true"/>
          <column name="SUBTREE_START" value="true"/>
          <column name="END_OF_FLOW" value="true"/>
          <column name="Aktivieren" value="true"/>
          <column name="DUMMY" value="false"/>
          <column name="tStatCatcher Statistik" value="false"/>
          <column name="Hilfe" value="org.talend.help.tPOP"/>
          <column name="Update components" value="true"/>
          <column name="IREPORT_PATH" value=""/>
          <column name="JAVA_LIBRARY_PATH" value="/home/alfred/TOS_DI-20200117_1600-V7.3.1M6/configuration/lib/java"/>
          <column name="Subjob Farbe:" value=""/>
          <column name="&#220;berschriftsfarbe" value=""/>
          <column name="Host" value="context.ImapHost"/>
          <column name="Port" value="context.ImapPort"/>
          <column name="Benutzername" value="context.ImapUser"/>
          <column name="Passwort " value="context.ImapPassword"/>
          <column name="Ausgabeverzeichnis" value="context.TempDir"/>
          <column name="Dateinamenmuster" value="TalendDate.getDate(&quot;yyyyMMdd-hhmmss&quot;) + &quot;_&quot; + (counter_tPOP_1 + 1) + &quot;.mail&quot;"/>
          <column name="Alle E-Mails empfangen?" value="true"/>
          <column name="Newer email first" value="true"/>
          <column name="Anzahl der E-Mails zum Abrufen" value="10"/>
          <column name="E-Mails vom Server l&#246;schen" value="true"/>
          <column name="Choose the protocol" value="imap"/>
          <column name="Specify Mail Folder" value="false"/>
          <column name="MAIL_FOLDER" value="&quot;INBOX&quot;"/>
          <column name="Verwende SSL" value="true"/>
          <column name="Filter" value="[]"/>
          <column name="Filter condition relation" value="&amp;&amp;"/>
          <column name="Bezeichnungsformat" value="__UNIQUE_NAME__"/>
          <column name="Hinweisformat" value="&lt;b&gt;__UNIQUE_NAME__&lt;/b&gt;&lt;br&gt;__COMMENT__"/>
          <column name="Verbindungsformat" value="row"/>
          <column name="Informationen anzeigen" value="false"/>
          <column name="Kommentar" value=""/>
          <column name="Use an existing validation rule" value="false"/>
          <column name="Validation Rule Type" value=""/>
        </parameters>
      </component>
      <component icon="pictures/tSendMail_1.png" uniqueName="tSendMail_1" label="__UNIQUE_NAME__">
        <input link="tLogRow_5">tLogRow_5</input>
        <output>none</output>
        <componentType>tSendMail</componentType>
        <parameters>
          <column name="Eindeutiger Name" value="tSendMail_1"/>
          <column name="Komponentenname" value="tSendMail"/>
          <column name="Version" value="0.101 (ALPHA)"/>
          <column name="Familie" value="Internet"/>
          <column name="Start" value="false"/>
          <column name="Ausf&#252;hrbar" value="true"/>
          <column name="SUBTREE_START" value="false"/>
          <column name="END_OF_FLOW" value="true"/>
          <column name="Aktivieren" value="true"/>
          <column name="DUMMY" value="false"/>
          <column name="tStatCatcher Statistik" value="false"/>
          <column name="Hilfe" value="org.talend.help.tSendMail"/>
          <column name="Update components" value="true"/>
          <column name="IREPORT_PATH" value=""/>
          <column name="JAVA_LIBRARY_PATH" value="/home/alfred/TOS_DI-20200117_1600-V7.3.1M6/configuration/lib/java"/>
          <column name="Subjob Farbe:" value=""/>
          <column name="&#220;berschriftsfarbe" value=""/>
          <column name="An" value="row7.MailFrom"/>
          <column name="Von" value="context.SmtpUser"/>
          <column name="Show sender's name?" value="false"/>
          <column name="Sendername" value="&quot;Echo Deamon at Slainte.at&quot;"/>
          <column name="Cc" value="&quot;&quot;"/>
          <column name="Bcc" value="&quot;&quot;"/>
          <column name="Betreff" value="row1.MailSubject"/>
          <column name="Nachricht" value="&quot;This is the automated Echo Daemon &quot;+context.SmtpUser +&quot; on &quot;+context.SMTPHost+&quot;.
To avoid spam, only one Mail within &quot;+context.Purge_time_Minutes+&quot; Minutes is answered. Every other mail is just deleted.
Attached you will find your mail with all your attributes.

Enjoy and have FUN&quot;"/>
          <column name="Abbrechen, falls Datei f&#252;r den Anhang nicht existiert." value="true"/>
          <column name="Anh&#228;nge" value="[{FILE=((String)globalMap.get(&quot;tPOP_1_CURRENT_FILEPATH&quot;)), CONTENT_TRANSFER_ENCODING=DEFAULT}]"/>
          <column name="Other headers" value="[]"/>
          <column name="SMTP Host" value="context.SMTPHost"/>
          <column name="SMTP Port" value="context.SMTPPort"/>
          <column name="SSL Support" value="false"/>
          <column name="STARTTLS Support" value="true"/>
          <column name="Priorit&#228;t" value="Normal"/>
          <column name="Authentifizierung erforderlich?" value="true"/>
          <column name="Benutzername" value="context.SmtpUser"/>
          <column name="Passwort " value="context.SmtpPassword"/>
          <column name="Abbrechen bei Fehler (Bricht bei einem Fehler ab wenn ausgew&#228;hlt, ansonsten wird die Ausf&#252;hrung fortgesetzt)" value="true"/>
          <column name="MIME subtype from the 'text' MIME type" value="plain"/>
          <column name="charset used for encoding message" value="&quot;UTF-8&quot;"/>
          <column name="Set localhost" value="false"/>
          <column name="Localhost" value="&quot;localhost&quot;"/>
          <column name="Schema" value="Built-In"/>
          <column name="Bezeichnungsformat" value="__UNIQUE_NAME__"/>
          <column name="Hinweisformat" value="&lt;b&gt;__UNIQUE_NAME__&lt;/b&gt;&lt;br&gt;__COMMENT__"/>
          <column name="Verbindungsformat" value="row"/>
          <column name="Informationen anzeigen" value="false"/>
          <column name="Kommentar" value=""/>
          <column name="Use an existing validation rule" value="false"/>
          <column name="Validation Rule Type" value=""/>
        </parameters>
        <schemas>
          <schema name="EchoMail">
            <column name="MailFrom" key="true" type="String" length="" precision="" nullable="false" comment="Mailadress"/>
            <column name="MailDate" key="false" type="String" length="" precision="" nullable="true" comment="Date and Time of last Email"/>
            <column name="MailNo" key="false" type="Integer" length="" precision="" nullable="true" comment="How many Mail did we already get from this user"/>
            <column name="MailDateLastTime" key="false" type="String" length="" precision="" nullable="true" comment="When was last mail sent?"/>
            <column name="MailDateCompare" key="false" type="String" length="" precision="" nullable="true" comment="Which date did i take for comparison?"/>
            <column name="Mailtobeskipped" key="false" type="Boolean" length="" precision="" nullable="true" comment="Last Message was skipped=true"/>
          </schema>
        </schemas>
      </component>
    </internalNodeComponents>
    <externalNodeComponents>
      <component icon="pictures/tMap_1.png" uniqueName="tMap_1" label="__UNIQUE_NAME__" preview="pictures/external_preview_tMap_1.png">
        <input link="tMap_1">tMap_1</input>
        <input link="tDBInput_1">tDBInput_1</input>
        <output link="tJavaRow_1">tJavaRow_1</output>
        <componentType>tMap</componentType>
        <!--tMap_1-->
      </component>
    </externalNodeComponents>
    <connections>
      <connection label="OnComponentOk" lineStyle="3" metaname="tDBConnection_1" offsetLabelX="0" offsetLabelY="0" source="tDBConnection_1" target="tCreateTable_1"/>
      <connection label="OnComponentOk" lineStyle="3" metaname="tCreateTable_1" offsetLabelX="0" offsetLabelY="0" source="tCreateTable_1" target="tPOP_1"/>
      <connection label="Iterate" lineStyle="7" metaname="tFileList_1" offsetLabelX="0" offsetLabelY="0" source="tFileList_1" target="tFileDelete_1"/>
      <connection label="Iterate" lineStyle="7" metaname="tPOP_1" offsetLabelX="0" offsetLabelY="0" source="tPOP_1" target="tFileInputMail_1"/>
      <connection label="OnComponentOk" lineStyle="3" metaname="tPOP_1" offsetLabelX="0" offsetLabelY="0" source="tPOP_1" target="tFileList_1"/>
      <connection label="row1" lineStyle="0" metaname="tFileInputMail_1" offsetLabelX="0" offsetLabelY="0" source="tFileInputMail_1" target="tLogRow_1"/>
      <connection label="row2" lineStyle="0" metaname="tLogRow_1" offsetLabelX="0" offsetLabelY="0" source="tLogRow_1" target="tMap_1"/>
      <connection label="outSQL" lineStyle="0" metaname="outSQL" offsetLabelX="0" offsetLabelY="0" source="tMap_1" target="tJavaRow_1"/>
      <connection label="row4" lineStyle="8" metaname="tDBInput_1" offsetLabelX="0" offsetLabelY="0" source="tDBInput_1" target="tMap_1"/>
      <connection label="row10" lineStyle="0" metaname="tJavaRow_1" offsetLabelX="0" offsetLabelY="0" source="tJavaRow_1" target="tLogRow_3"/>
      <connection label="row3" lineStyle="0" metaname="tLogRow_3" offsetLabelX="0" offsetLabelY="0" source="tLogRow_3" target="tDBOutput_1"/>
      <connection label="row5" lineStyle="0" metaname="tDBOutput_1" offsetLabelX="15" offsetLabelY="-2" source="tDBOutput_1" target="tLogRow_2"/>
      <connection label="row6" lineStyle="0" metaname="tLogRow_2" offsetLabelX="0" offsetLabelY="0" source="tLogRow_2" target="tFilterRow_1"/>
      <connection label="row7" lineStyle="0" metaname="FILTER" offsetLabelX="0" offsetLabelY="0" source="tFilterRow_1" target="tLogRow_5"/>
      <connection label="row8" lineStyle="0" metaname="REJECT" offsetLabelX="0" offsetLabelY="0" source="tFilterRow_1" target="tLogRow_4"/>
      <connection label="row9" lineStyle="0" metaname="tLogRow_5" offsetLabelX="0" offsetLabelY="0" source="tLogRow_5" target="tSendMail_1"/>
      <connection label="OnComponentOk" lineStyle="3" metaname="tFileTouch_1" offsetLabelX="0" offsetLabelY="0" source="tFileTouch_1" target="tDBConnection_1"/>
    </connections>
  </job>
</project>
